Table,Grain,Column,SQLType,Constraints,Purpose
"Platform","One supported platform","PlatformID","int","PK","Controlled analytics platform identifier. Child views derive this through the platform instance."
"Platform","One supported platform","Code","nvarchar(30)","UNIQUE NOT NULL","Stable reference code used by commands and mappings, independent of the displayed label."
"Platform","One supported platform","DisplayName","nvarchar(80)","NOT NULL","Human-readable label at this record or snapshot. Names may change and are never refresh join keys."
"Platform","One supported platform","NativeUnitTerm","nvarchar(30)","NOT NULL","Platform term shown in forms: workspace, project, or collection."
"Platform","One supported platform","IsEnabled","bit","NOT NULL","Whether new workflows can select this platform."
"Platform","One supported platform","CreatedAt","datetime2","NOT NULL","UTC time this registry row was inserted. Never substitute a source creation timestamp."
"Platform","One supported platform","ModifiedAt","datetime2","NOT NULL","UTC time of the most recent allowed update."
"Platform","One supported platform","ModifiedByPersonID","uniqueidentifier","FK → Person NULL","Person responsible for the most recent allowed update."
"Platform","One supported platform","RowVersion","rowversion","NOT NULL","SQL Server concurrency token. Reject updates based on an outdated token."
"PlatformInstance","One tenant, Tableau site, or Alteryx server scope","PlatformInstanceID","uniqueidentifier","PK","Stable internal primary key for this PlatformInstance row. Source-native identity is retained separately when applicable."
"PlatformInstance","One tenant, Tableau site, or Alteryx server scope","PlatformID","int","FK → Platform","Controlled analytics platform identifier. Child views derive this through the platform instance."
"PlatformInstance","One tenant, Tableau site, or Alteryx server scope","NativeInstanceKey","nvarchar(200)","NOT NULL","Stable tenant or server-instance key supplied by the platform team. Do not use a changeable display name."
"PlatformInstance","One tenant, Tableau site, or Alteryx server scope","DisplayName","nvarchar(100)","NOT NULL","Human-readable label at this record or snapshot. Names may change and are never refresh join keys."
"PlatformInstance","One tenant, Tableau site, or Alteryx server scope","EnvironmentCode","nvarchar(30)","NOT NULL","Controlled environment value for this PlatformInstance record. Allowed values and transitions follow the table rules."
"PlatformInstance","One tenant, Tableau site, or Alteryx server scope","ProductVersion","nvarchar(40)","NULL","Installed platform version or cloud API/service descriptor. Do not invent a Fabric server version."
"PlatformInstance","One tenant, Tableau site, or Alteryx server scope","IsEnabled","bit","NOT NULL","Whether new workflows can select this platform."
"PlatformInstance","One tenant, Tableau site, or Alteryx server scope","CreatedAt","datetime2","NOT NULL","UTC time this registry row was inserted. Never substitute a source creation timestamp."
"PlatformInstance","One tenant, Tableau site, or Alteryx server scope","ModifiedAt","datetime2","NOT NULL","UTC time of the most recent allowed update."
"PlatformInstance","One tenant, Tableau site, or Alteryx server scope","ModifiedByPersonID","uniqueidentifier","FK → Person NULL","Person responsible for the most recent allowed update."
"PlatformInstance","One tenant, Tableau site, or Alteryx server scope","RowVersion","rowversion","NOT NULL","SQL Server concurrency token. Reject updates based on an outdated token."
"BusinessLine","One business line","BusinessLineID","uniqueidentifier","PK","Stable internal primary key for this BusinessLine row. Source-native identity is retained separately when applicable."
"BusinessLine","One business line","Code","nvarchar(30)","UNIQUE NOT NULL","Stable reference code used by commands and mappings, independent of the displayed label."
"BusinessLine","One business line","DisplayName","nvarchar(100)","NOT NULL","Human-readable label at this record or snapshot. Names may change and are never refresh join keys."
"BusinessLine","One business line","IsActive","bit","NOT NULL","Whether this reference is currently selectable."
"BusinessLine","One business line","CreatedAt","datetime2","NOT NULL","UTC time this registry row was inserted. Never substitute a source creation timestamp."
"BusinessLine","One business line","ModifiedAt","datetime2","NOT NULL","UTC time of the most recent allowed update."
"BusinessLine","One business line","ModifiedByPersonID","uniqueidentifier","FK → Person NULL","Person responsible for the most recent allowed update."
"BusinessLine","One business line","RowVersion","rowversion","NOT NULL","SQL Server concurrency token. Reject updates based on an outdated token."
"Person","One corporate identity","PersonID","uniqueidentifier","PK","Stable internal primary key for this Person row. Source-native identity is retained separately when applicable."
"Person","One corporate identity","DirectoryTenantKey","nvarchar(100)","NOT NULL","Directory boundary for a native person or group identity."
"Person","One corporate identity","DirectoryObjectID","nvarchar(150)","NOT NULL","Stable directory object identifier; names and email do not replace it."
"Person","One corporate identity","DisplayName","nvarchar(150)","NOT NULL","Human-readable label at this record or snapshot. Names may change and are never refresh join keys."
"Person","One corporate identity","Email","nvarchar(254)","NULL","Contact or identity-resolution evidence. An email change must not create a new person."
"Person","One corporate identity","BusinessLineID","uniqueidentifier","FK → BusinessLine NULL","Links this Person row to BusinessLine. Role: Business Line identifier. Uses the internal key, never the record name."
"Person","One corporate identity","ManagerPersonID","uniqueidentifier","FK → Person NULL","Links this Person row to Person. Role: Manager Person identifier. Uses the internal key, never the record name."
"Person","One corporate identity","IdentityStatusCode","nvarchar(30)","NOT NULL","Active, Inactive, or Unverified identity state. Unknown verification does not mean inactive."
"Person","One corporate identity","VerifiedAt","datetime2","NULL","UTC timestamp for verified at in this record's lifecycle. NULL means the event or boundary is not established."
"Person","One corporate identity","SourceRunID","uniqueidentifier","FK → ExtractRun NULL","Links this Person row to ExtractRun. Role: Source Run identifier. Uses the internal key, never the record name."
"Person","One corporate identity","CreatedAt","datetime2","NOT NULL","UTC time this registry row was inserted. Never substitute a source creation timestamp."
"Person","One corporate identity","ModifiedAt","datetime2","NOT NULL","UTC time of the most recent allowed update."
"Person","One corporate identity","ModifiedByPersonID","uniqueidentifier","FK → Person NULL","Person responsible for the most recent allowed update."
"Person","One corporate identity","RowVersion","rowversion","NOT NULL","SQL Server concurrency token. Reject updates based on an outdated token."
"DirectoryGroup","One real directory group","DirectoryGroupID","uniqueidentifier","PK","Stable internal primary key for this DirectoryGroup row. Source-native identity is retained separately when applicable."
"DirectoryGroup","One real directory group","DirectoryTenantKey","nvarchar(100)","NOT NULL","Directory boundary for a native person or group identity."
"DirectoryGroup","One real directory group","DirectoryObjectID","nvarchar(150)","NOT NULL","Stable directory object identifier; names and email do not replace it."
"DirectoryGroup","One real directory group","DisplayName","nvarchar(200)","NOT NULL","Human-readable label at this record or snapshot. Names may change and are never refresh join keys."
"DirectoryGroup","One real directory group","IdentityStatusCode","nvarchar(30)","NOT NULL","Active, Inactive, or Unverified identity state. Unknown verification does not mean inactive."
"DirectoryGroup","One real directory group","VerifiedAt","datetime2","NULL","UTC timestamp for verified at in this record's lifecycle. NULL means the event or boundary is not established."
"DirectoryGroup","One real directory group","SourceRunID","uniqueidentifier","FK → ExtractRun NULL","Links this DirectoryGroup row to ExtractRun. Role: Source Run identifier. Uses the internal key, never the record name."
"DirectoryGroup","One real directory group","CreatedAt","datetime2","NOT NULL","UTC time this registry row was inserted. Never substitute a source creation timestamp."
"DirectoryGroup","One real directory group","ModifiedAt","datetime2","NOT NULL","UTC time of the most recent allowed update."
"DirectoryGroup","One real directory group","ModifiedByPersonID","uniqueidentifier","FK → Person NULL","Person responsible for the most recent allowed update."
"DirectoryGroup","One real directory group","RowVersion","rowversion","NOT NULL","SQL Server concurrency token. Reject updates based on an outdated token."
"Principal","One resolvable or unresolved access principal","PrincipalID","uniqueidentifier","PK","Stable internal primary key for this Principal row. Source-native identity is retained separately when applicable."
"Principal","One resolvable or unresolved access principal","PlatformInstanceID","uniqueidentifier","FK → PlatformInstance","Links this Principal row to PlatformInstance. Role: Platform Instance identifier. Uses the internal key, never the record name."
"Principal","One resolvable or unresolved access principal","NativePrincipalID","nvarchar(200)","NOT NULL","Original platform user, group, or service-principal identifier. Resolve to directory identity only with evidence."
"Principal","One resolvable or unresolved access principal","PrincipalTypeCode","nvarchar(30)","NOT NULL","Controlled principal type value for this Principal record. Allowed values and transitions follow the table rules."
"Principal","One resolvable or unresolved access principal","PersonID","uniqueidentifier","FK → Person NULL","Links this Principal row to Person. Role: Person identifier. Uses the internal key, never the record name."
"Principal","One resolvable or unresolved access principal","DirectoryGroupID","uniqueidentifier","FK → DirectoryGroup NULL","Links this Principal row to DirectoryGroup. Role: Directory Group identifier. Uses the internal key, never the record name."
"Principal","One resolvable or unresolved access principal","DisplayName","nvarchar(200)","NOT NULL","Human-readable label at this record or snapshot. Names may change and are never refresh join keys."
"Principal","One resolvable or unresolved access principal","ResolutionStatusCode","nvarchar(30)","NOT NULL","Whether the native principal has been matched to a verified directory identity."
"Principal","One resolvable or unresolved access principal","CreatedAt","datetime2","NOT NULL","UTC time this registry row was inserted. Never substitute a source creation timestamp."
"Principal","One resolvable or unresolved access principal","ModifiedAt","datetime2","NOT NULL","UTC time of the most recent allowed update."
"Principal","One resolvable or unresolved access principal","ModifiedByPersonID","uniqueidentifier","FK → Person NULL","Person responsible for the most recent allowed update."
"Principal","One resolvable or unresolved access principal","RowVersion","rowversion","NOT NULL","SQL Server concurrency token. Reject updates based on an outdated token."
"RegistryObject","One durable workspace, asset, or connection identity","ObjectID","uniqueidentifier","PK","Stable internal primary key for this RegistryObject row. Source-native identity is retained separately when applicable."
"RegistryObject","One durable workspace, asset, or connection identity","PlatformInstanceID","uniqueidentifier","FK → PlatformInstance","Links this RegistryObject row to PlatformInstance. Role: Platform Instance identifier. Uses the internal key, never the record name."
"RegistryObject","One durable workspace, asset, or connection identity","ObjectTypeCode","nvarchar(30)","NOT NULL","Registry identity subtype: Workspace, Asset, or Connection. Exactly one corresponding subtype row must exist."
"RegistryObject","One durable workspace, asset, or connection identity","NativeObjectType","nvarchar(50)","NOT NULL","Native object category, such as report, semantic model, workbook, project, or workflow. Part of the identity key."
"RegistryObject","One durable workspace, asset, or connection identity","NativeObjectID","nvarchar(200)","NULL","Original platform identifier, stored as text without reformatting. Retained separately from the registry UUID for refresh matching."
"RegistryObject","One durable workspace, asset, or connection identity","NativeScopeKey","nvarchar(200)","NOT NULL","Native uniqueness scope, such as tenant or Tableau site. Do not include a movable workspace when IDs survive moves."
"RegistryObject","One durable workspace, asset, or connection identity","FirstSeenAt","datetime2","NULL","UTC timestamp for first seen at in this record's lifecycle. NULL means the event or boundary is not established."
"RegistryObject","One durable workspace, asset, or connection identity","LastSeenAt","datetime2","NULL","UTC timestamp for last seen at in this record's lifecycle. NULL means the event or boundary is not established."
"RegistryObject","One durable workspace, asset, or connection identity","DiscoveryStateCode","nvarchar(30)","NOT NULL","Controlled discovery state value for this RegistryObject record. Allowed values and transitions follow the table rules."
"RegistryObject","One durable workspace, asset, or connection identity","CreatedAt","datetime2","NOT NULL","UTC time this registry row was inserted. Never substitute a source creation timestamp."
"RegistryObject","One durable workspace, asset, or connection identity","ModifiedAt","datetime2","NOT NULL","UTC time of the most recent allowed update."
"RegistryObject","One durable workspace, asset, or connection identity","ModifiedByPersonID","uniqueidentifier","FK → Person NULL","Person responsible for the most recent allowed update."
"RegistryObject","One durable workspace, asset, or connection identity","RowVersion","rowversion","NOT NULL","SQL Server concurrency token. Reject updates based on an outdated token."
"Workspace","One governed workspace, project, or collection","WorkspaceID","uniqueidentifier","PK / FK → RegistryObject.ObjectID","Stable internal primary key for this Workspace row. Source-native identity is retained separately when applicable."
"Workspace","One governed workspace, project, or collection","RegistryNumber","nvarchar(30)","UNIQUE NOT NULL","Readable registry reference. The UUID remains the relational primary key."
"Workspace","One governed workspace, project, or collection","RegistrationStatusCode","nvarchar(30)","NOT NULL","Controlled registration status value for this Workspace record. Allowed values and transitions follow the table rules."
"Workspace","One governed workspace, project, or collection","LifecycleStatusCode","nvarchar(30)","NOT NULL","Controlled lifecycle status value for this Workspace record. Allowed values and transitions follow the table rules."
"Workspace","One governed workspace, project, or collection","OriginalOwnerLOBID","uniqueidentifier","FK → BusinessLine NULL","Business line captured at onboarding. Preserve it when current ownership changes."
"Workspace","One governed workspace, project, or collection","CreatedByPersonID","uniqueidentifier","FK → Person NULL","Links this Workspace row to Person. Role: Created By Person identifier. Uses the internal key, never the record name."
"Workspace","One governed workspace, project, or collection","CreatedByService","nvarchar(100)","NULL","Collector service identity that created a discovered workspace stub. Mutually exclusive with CreatedByPersonID; never infer it from a source owner."
"Workspace","One governed workspace, project, or collection","RegisteredAt","datetime2","NULL","UTC timestamp for registered at in this record's lifecycle. NULL means the event or boundary is not established."
"Workspace","One governed workspace, project, or collection","ProvisionedAt","datetime2","NULL","UTC timestamp for provisioned at in this record's lifecycle. NULL means the event or boundary is not established."
"Workspace","One governed workspace, project, or collection","ContentReadyAt","datetime2","NULL","UTC timestamp for content ready at in this record's lifecycle. NULL means the event or boundary is not established."
"Workspace","One governed workspace, project, or collection","RetiredAt","datetime2","NULL","UTC timestamp for retired at in this record's lifecycle. NULL means the event or boundary is not established."
"Workspace","One governed workspace, project, or collection","CreatedAt","datetime2","NOT NULL","UTC time this registry row was inserted. Never substitute a source creation timestamp."
"Workspace","One governed workspace, project, or collection","ModifiedAt","datetime2","NOT NULL","UTC time of the most recent allowed update."
"Workspace","One governed workspace, project, or collection","ModifiedByPersonID","uniqueidentifier","FK → Person NULL","Person responsible for the most recent allowed update."
"Workspace","One governed workspace, project, or collection","RowVersion","rowversion","NOT NULL","SQL Server concurrency token. Reject updates based on an outdated token."
"WorkspaceBusinessVersion","One immutable business declaration per workspace/version","BusinessVersionID","uniqueidentifier","PK","Stable internal primary key for this WorkspaceBusinessVersion row. Source-native identity is retained separately when applicable."
"WorkspaceBusinessVersion","One immutable business declaration per workspace/version","WorkspaceID","uniqueidentifier","FK → Workspace","Links this WorkspaceBusinessVersion row to Workspace. Role: Workspace identifier. Uses the internal key, never the record name."
"WorkspaceBusinessVersion","One immutable business declaration per workspace/version","VersionNumber","int","NOT NULL","Increasing version within the parent and state kind; never reuse a version number."
"WorkspaceBusinessVersion","One immutable business declaration per workspace/version","BusinessName","nvarchar(100)","NOT NULL","Business-facing workspace name, limited to the proposed field length."
"WorkspaceBusinessVersion","One immutable business declaration per workspace/version","BusinessPurpose","nvarchar(500)","NOT NULL","Business decisions or processes supported by the workspace; supplied by its accountable owner."
"WorkspaceBusinessVersion","One immutable business declaration per workspace/version","OwnerPersonID","uniqueidentifier","FK → Person","Single accountable Business Owner / Workspace Owner. Do not create a second owner field."
"WorkspaceBusinessVersion","One immutable business declaration per workspace/version","OwnerLOBAtDeclarationID","uniqueidentifier","FK → BusinessLine","Owner business line frozen with this declaration version."
"WorkspaceBusinessVersion","One immutable business declaration per workspace/version","OwnerManagerAtDeclarationID","uniqueidentifier","FK → Person NULL","Owner manager frozen with this declaration; later directory updates do not rewrite it."
"WorkspaceBusinessVersion","One immutable business declaration per workspace/version","WillContainPIICode","nvarchar(10)","NOT NULL","Required Yes/No declaration of intended workspace PII content. Not inferred from observed metadata."
"WorkspaceBusinessVersion","One immutable business declaration per workspace/version","WillContainEUCTCode","nvarchar(10)","NOT NULL","Required Yes/No declaration of intended end-user computing tool content."
"WorkspaceBusinessVersion","One immutable business declaration per workspace/version","HighestDMPTierCode","nvarchar(10)","NOT NULL","One highest applicable Data Management Policy tier: Tier 1, Tier 2, or Tier 3. Policy ordering needs confirmation."
"WorkspaceBusinessVersion","One immutable business declaration per workspace/version","DataClassificationCode","nvarchar(30)","NOT NULL","Business-declared sensitivity category; kept separate from native platform labels."
"WorkspaceBusinessVersion","One immutable business declaration per workspace/version","BusinessCriticalityCode","nvarchar(30)","NOT NULL","Business impact category used for prioritization, not inferred solely from technical usage."
"WorkspaceBusinessVersion","One immutable business declaration per workspace/version","RequesterPersonID","uniqueidentifier","FK → Person","Links this WorkspaceBusinessVersion row to Person. Role: Requester Person identifier. Uses the internal key, never the record name."
"WorkspaceBusinessVersion","One immutable business declaration per workspace/version","RequestID","uniqueidentifier","FK → WorkspaceRequest NULL","Links this WorkspaceBusinessVersion row to WorkspaceRequest. Role: Request identifier. Uses the internal key, never the record name."
"WorkspaceBusinessVersion","One immutable business declaration per workspace/version","ApprovalStatusCode","nvarchar(30)","NOT NULL","Controlled approval status value for this WorkspaceBusinessVersion record. Allowed values and transitions follow the table rules."
"WorkspaceBusinessVersion","One immutable business declaration per workspace/version","ApprovedByPersonID","uniqueidentifier","FK → Person NULL","Links this WorkspaceBusinessVersion row to Person. Role: Approved By Person identifier. Uses the internal key, never the record name."
"WorkspaceBusinessVersion","One immutable business declaration per workspace/version","EffectiveFrom","datetime2","NULL","UTC timestamp for effective from in this record's lifecycle. NULL means the event or boundary is not established."
"WorkspaceBusinessVersion","One immutable business declaration per workspace/version","SupersedesBusinessVersionID","uniqueidentifier","FK → WorkspaceBusinessVersion NULL","Links this WorkspaceBusinessVersion row to WorkspaceBusinessVersion. Role: Supersedes Business Version identifier. Uses the internal key, never the record name."
"WorkspaceBusinessVersion","One immutable business declaration per workspace/version","CreatedAt","datetime2","NOT NULL","UTC time this registry row was inserted. Never substitute a source creation timestamp."
"WorkspaceRequest","One request lifecycle","RequestID","uniqueidentifier","PK","Stable internal primary key for this WorkspaceRequest row. Source-native identity is retained separately when applicable."
"WorkspaceRequest","One request lifecycle","WorkspaceID","uniqueidentifier","FK → Workspace","Links this WorkspaceRequest row to Workspace. Role: Workspace identifier. Uses the internal key, never the record name."
"WorkspaceRequest","One request lifecycle","RequestTypeCode","nvarchar(30)","NOT NULL","Controlled request type value for this WorkspaceRequest record. Allowed values and transitions follow the table rules."
"WorkspaceRequest","One request lifecycle","RequesterPersonID","uniqueidentifier","FK → Person","Links this WorkspaceRequest row to Person. Role: Requester Person identifier. Uses the internal key, never the record name."
"WorkspaceRequest","One request lifecycle","BaseBusinessVersionID","uniqueidentifier","FK → WorkspaceBusinessVersion NULL","Links this WorkspaceRequest row to WorkspaceBusinessVersion. Role: Base Business Version identifier. Uses the internal key, never the record name."
"WorkspaceRequest","One request lifecycle","BaseImplementedVersionID","uniqueidentifier","FK → ConfigurationVersion NULL","Links this WorkspaceRequest row to ConfigurationVersion. Role: Base Implemented Version identifier. Uses the internal key, never the record name."
"WorkspaceRequest","One request lifecycle","RequestStatusCode","nvarchar(30)","NOT NULL","Controlled request status value for this WorkspaceRequest record. Allowed values and transitions follow the table rules."
"WorkspaceRequest","One request lifecycle","SubmittedAt","datetime2","NULL","UTC timestamp for submitted at in this record's lifecycle. NULL means the event or boundary is not established."
"WorkspaceRequest","One request lifecycle","DecisionCode","nvarchar(30)","NULL","Controlled decision value for this WorkspaceRequest record. Allowed values and transitions follow the table rules."
"WorkspaceRequest","One request lifecycle","DecidedByPersonID","uniqueidentifier","FK → Person NULL","Links this WorkspaceRequest row to Person. Role: Decided By Person identifier. Uses the internal key, never the record name."
"WorkspaceRequest","One request lifecycle","DecidedAt","datetime2","NULL","UTC timestamp for decided at in this record's lifecycle. NULL means the event or boundary is not established."
"WorkspaceRequest","One request lifecycle","RequestedDueDate","date","NULL","Optional requested completion date; not an automatically approved service commitment."
"WorkspaceRequest","One request lifecycle","SupersedesRequestID","uniqueidentifier","FK → WorkspaceRequest NULL","Links this WorkspaceRequest row to WorkspaceRequest. Role: Supersedes Request identifier. Uses the internal key, never the record name."
"WorkspaceRequest","One request lifecycle","AttestationID","uniqueidentifier","FK → Attestation NULL","Links this WorkspaceRequest row to Attestation. Role: Attestation identifier. Uses the internal key, never the record name."
"WorkspaceRequest","One request lifecycle","CreatedAt","datetime2","NOT NULL","UTC time this registry row was inserted. Never substitute a source creation timestamp."
"WorkspaceRequest","One request lifecycle","ModifiedAt","datetime2","NOT NULL","UTC time of the most recent allowed update."
"WorkspaceRequest","One request lifecycle","ModifiedByPersonID","uniqueidentifier","FK → Person NULL","Person responsible for the most recent allowed update."
"WorkspaceRequest","One request lifecycle","RowVersion","rowversion","NOT NULL","SQL Server concurrency token. Reject updates based on an outdated token."
"ConfigurationVersion","One immutable requested or implemented configuration snapshot","ConfigurationVersionID","uniqueidentifier","PK","Stable internal primary key for this ConfigurationVersion row. Source-native identity is retained separately when applicable."
"ConfigurationVersion","One immutable requested or implemented configuration snapshot","WorkspaceID","uniqueidentifier","FK → Workspace","Links this ConfigurationVersion row to Workspace. Role: Workspace identifier. Uses the internal key, never the record name."
"ConfigurationVersion","One immutable requested or implemented configuration snapshot","VersionNumber","int","NOT NULL","Increasing version within the parent and state kind; never reuse a version number."
"ConfigurationVersion","One immutable requested or implemented configuration snapshot","StateKindCode","nvarchar(20)","NOT NULL","Requested or Implemented. Each state is an immutable snapshot; observations are stored separately."
"ConfigurationVersion","One immutable requested or implemented configuration snapshot","RequestID","uniqueidentifier","FK → WorkspaceRequest NULL","Links this ConfigurationVersion row to WorkspaceRequest. Role: Request identifier. Uses the internal key, never the record name."
"ConfigurationVersion","One immutable requested or implemented configuration snapshot","BasedOnImplementedVersionID","uniqueidentifier","FK → ConfigurationVersion NULL","Links this ConfigurationVersion row to ConfigurationVersion. Role: Based On Implemented Version identifier. Uses the internal key, never the record name."
"ConfigurationVersion","One immutable requested or implemented configuration snapshot","ImplementsRequestedVersionID","uniqueidentifier","FK → ConfigurationVersion NULL","Links this ConfigurationVersion row to ConfigurationVersion. Role: Implements Requested Version identifier. Uses the internal key, never the record name."
"ConfigurationVersion","One immutable requested or implemented configuration snapshot","ConfigurationTypeCode","nvarchar(20)","NOT NULL","Controlled configuration type value for this ConfigurationVersion record. Allowed values and transitions follow the table rules."
"ConfigurationVersion","One immutable requested or implemented configuration snapshot","StandardVersionCode","nvarchar(30)","NULL","Version of the Standard template used for this decision; preserves historical requirements."
"ConfigurationVersion","One immutable requested or implemented configuration snapshot","RequestedTechnicalName","nvarchar(200)","NOT NULL","Desired platform name; remains a label until the platform returns its real native ID."
"ConfigurationVersion","One immutable requested or implemented configuration snapshot","CustomReasonCode","nvarchar(40)","NULL","Structured reason for the alternative setup."
"ConfigurationVersion","One immutable requested or implemented configuration snapshot","CustomExplanation","nvarchar(1000)","NULL","Explanation of the Custom need; required for Other. Custom approval is not a control waiver."
"ConfigurationVersion","One immutable requested or implemented configuration snapshot","AlternateSecurityApproach","nvarchar(1000)","NULL","Documented entitlement model for a Custom setup."
"ConfigurationVersion","One immutable requested or implemented configuration snapshot","AlternateAuthentication","nvarchar(200)","NULL","Documented authentication variation without credentials or secrets."
"ConfigurationVersion","One immutable requested or implemented configuration snapshot","ApprovalStatusCode","nvarchar(30)","NOT NULL","Controlled approval status value for this ConfigurationVersion record. Allowed values and transitions follow the table rules."
"ConfigurationVersion","One immutable requested or implemented configuration snapshot","EffectiveAt","datetime2","NULL","UTC timestamp for effective at in this record's lifecycle. NULL means the event or boundary is not established."
"ConfigurationVersion","One immutable requested or implemented configuration snapshot","RecordedByPersonID","uniqueidentifier","FK → Person","Links this ConfigurationVersion row to Person. Role: Recorded By Person identifier. Uses the internal key, never the record name."
"ConfigurationVersion","One immutable requested or implemented configuration snapshot","AdminActionID","uniqueidentifier","FK → AdministrativeAction NULL","Links this ConfigurationVersion row to AdministrativeAction. Role: Admin Action identifier. Uses the internal key, never the record name."
"ConfigurationVersion","One immutable requested or implemented configuration snapshot","CreatedAt","datetime2","NOT NULL","UTC time this registry row was inserted. Never substitute a source creation timestamp."
"ChampionAssignment","Configuration version × person","ChampionAssignmentID","uniqueidentifier","PK","Stable internal primary key for this ChampionAssignment row. Source-native identity is retained separately when applicable."
"ChampionAssignment","Configuration version × person","ConfigurationVersionID","uniqueidentifier","FK → ConfigurationVersion","Links this ChampionAssignment row to ConfigurationVersion. Role: Configuration Version identifier. Uses the internal key, never the record name."
"ChampionAssignment","Configuration version × person","PersonID","uniqueidentifier","FK → Person","Links this ChampionAssignment row to Person. Role: Person identifier. Uses the internal key, never the record name."
"ChampionAssignment","Configuration version × person","IsPrimaryContact","bit","NOT NULL","Optional communication preference among Champions. It grants no additional native access."
"ChampionAssignment","Configuration version × person","CreatedAt","datetime2","NOT NULL","UTC time this registry row was inserted. Never substitute a source creation timestamp."
"GroupSpecification","Configuration version × group purpose","GroupSpecificationID","uniqueidentifier","PK","Stable internal primary key for this GroupSpecification row. Source-native identity is retained separately when applicable."
"GroupSpecification","Configuration version × group purpose","ConfigurationVersionID","uniqueidentifier","FK → ConfigurationVersion","Links this GroupSpecification row to ConfigurationVersion. Role: Configuration Version identifier. Uses the internal key, never the record name."
"GroupSpecification","Configuration version × group purpose","PurposeCode","nvarchar(60)","NOT NULL","Role of this specification or approval in its parent workflow. Standard groups use Champion, RW, R, and Data Sources."
"GroupSpecification","Configuration version × group purpose","SelectionModeCode","nvarchar(20)","NOT NULL","Existing or New group selection. New names remain unresolved prerequisites."
"GroupSpecification","Configuration version × group purpose","DirectoryGroupID","uniqueidentifier","FK → DirectoryGroup NULL","Links this GroupSpecification row to DirectoryGroup. Role: Directory Group identifier. Uses the internal key, never the record name."
"GroupSpecification","Configuration version × group purpose","SuggestedName","nvarchar(200)","NULL","Generated group-name suggestion retained to distinguish manual changes."
"GroupSpecification","Configuration version × group purpose","RequestedName","nvarchar(200)","NOT NULL","Requested group display name. Existing groups must also resolve to a stable directory ID."
"GroupSpecification","Configuration version × group purpose","NativeAccessLevelCode","nvarchar(50)","NULL","Platform-native permission. Map explicitly to intended purposes; Champion is not a higher permission tier."
"GroupSpecification","Configuration version × group purpose","ProvisioningStatusCode","nvarchar(30)","NOT NULL","Controlled provisioning status value for this GroupSpecification record. Allowed values and transitions follow the table rules."
"GroupSpecification","Configuration version × group purpose","ProvisionedAt","datetime2","NULL","UTC timestamp for provisioned at in this record's lifecycle. NULL means the event or boundary is not established."
"GroupSpecification","Configuration version × group purpose","CreatedAt","datetime2","NOT NULL","UTC time this registry row was inserted. Never substitute a source creation timestamp."
"ApprovedAccessException","One explicitly approved alternate principal permission for a configuration","AccessExceptionID","uniqueidentifier","PK","Stable internal primary key for this ApprovedAccessException row. Source-native identity is retained separately when applicable."
"ApprovedAccessException","One explicitly approved alternate principal permission for a configuration","ConfigurationVersionID","uniqueidentifier","FK → ConfigurationVersion","Links this ApprovedAccessException row to ConfigurationVersion. Role: Configuration Version identifier. Uses the internal key, never the record name."
"ApprovedAccessException","One explicitly approved alternate principal permission for a configuration","PrincipalID","uniqueidentifier","FK → Principal","Links this ApprovedAccessException row to Principal. Role: Principal identifier. Uses the internal key, never the record name."
"ApprovedAccessException","One explicitly approved alternate principal permission for a configuration","NativeAccessLevelCode","nvarchar(50)","NOT NULL","Platform-native permission. Map explicitly to intended purposes; Champion is not a higher permission tier."
"ApprovedAccessException","One explicitly approved alternate principal permission for a configuration","Reason","nvarchar(1000)","NOT NULL","Business or technical reason for this review, exception, or decision."
"ApprovedAccessException","One explicitly approved alternate principal permission for a configuration","ApprovedByPersonID","uniqueidentifier","FK → Person","Links this ApprovedAccessException row to Person. Role: Approved By Person identifier. Uses the internal key, never the record name."
"ApprovedAccessException","One explicitly approved alternate principal permission for a configuration","ApprovalReference","nvarchar(500)","NOT NULL","Reference to the authorization for this relationship or operation."
"ApprovedAccessException","One explicitly approved alternate principal permission for a configuration","ValidFrom","datetime2","NOT NULL","UTC timestamp for valid from in this record's lifecycle. NULL means the event or boundary is not established."
"ApprovedAccessException","One explicitly approved alternate principal permission for a configuration","ExpiresAt","datetime2","NULL","UTC timestamp for expires at in this record's lifecycle. NULL means the event or boundary is not established."
"ApprovedAccessException","One explicitly approved alternate principal permission for a configuration","CreatedAt","datetime2","NOT NULL","UTC time this registry row was inserted. Never substitute a source creation timestamp."
"Asset","One durable native report, model, workbook, workflow, or app","AssetID","uniqueidentifier","PK / FK → RegistryObject.ObjectID","Stable internal primary key for this Asset row. Source-native identity is retained separately when applicable."
"Asset","One durable native report, model, workbook, workflow, or app","AssetTypeCode","nvarchar(50)","NOT NULL","Controlled asset type value for this Asset record. Allowed values and transitions follow the table rules."
"Asset","One durable native report, model, workbook, workflow, or app","RegistrationStatusCode","nvarchar(30)","NOT NULL","Controlled registration status value for this Asset record. Allowed values and transitions follow the table rules."
"Asset","One durable native report, model, workbook, workflow, or app","RegisteredByPersonID","uniqueidentifier","FK → Person NULL","Links this Asset row to Person. Role: Registered By Person identifier. Uses the internal key, never the record name."
"Asset","One durable native report, model, workbook, workflow, or app","RegisteredAt","datetime2","NULL","UTC timestamp for registered at in this record's lifecycle. NULL means the event or boundary is not established."
"Asset","One durable native report, model, workbook, workflow, or app","CreatedAt","datetime2","NOT NULL","UTC time this registry row was inserted. Never substitute a source creation timestamp."
"Asset","One durable native report, model, workbook, workflow, or app","ModifiedAt","datetime2","NOT NULL","UTC time of the most recent allowed update."
"Asset","One durable native report, model, workbook, workflow, or app","ModifiedByPersonID","uniqueidentifier","FK → Person NULL","Person responsible for the most recent allowed update."
"Asset","One durable native report, model, workbook, workflow, or app","RowVersion","rowversion","NOT NULL","SQL Server concurrency token. Reject updates based on an outdated token."
"WorkspaceAsset","One declared workspace × asset relationship interval","WorkspaceAssetID","uniqueidentifier","PK","Stable internal primary key for this WorkspaceAsset row. Source-native identity is retained separately when applicable."
"WorkspaceAsset","One declared workspace × asset relationship interval","WorkspaceID","uniqueidentifier","FK → Workspace","Links this WorkspaceAsset row to Workspace. Role: Workspace identifier. Uses the internal key, never the record name."
"WorkspaceAsset","One declared workspace × asset relationship interval","AssetID","uniqueidentifier","FK → Asset","Links this WorkspaceAsset row to Asset. Role: Asset identifier. Uses the internal key, never the record name."
"WorkspaceAsset","One declared workspace × asset relationship interval","AssociationRoleCode","nvarchar(30)","NOT NULL","Declared relationship role. Permit at most one current Accountable workspace per asset; observed memberships stay separate."
"WorkspaceAsset","One declared workspace × asset relationship interval","ValidFrom","datetime2","NOT NULL","UTC timestamp for valid from in this record's lifecycle. NULL means the event or boundary is not established."
"WorkspaceAsset","One declared workspace × asset relationship interval","ValidTo","datetime2","NULL","UTC timestamp for valid to in this record's lifecycle. NULL means the event or boundary is not established."
"WorkspaceAsset","One declared workspace × asset relationship interval","RecordedByPersonID","uniqueidentifier","FK → Person","Links this WorkspaceAsset row to Person. Role: Recorded By Person identifier. Uses the internal key, never the record name."
"WorkspaceAsset","One declared workspace × asset relationship interval","ApprovalReference","nvarchar(500)","NULL","Reference to the authorization for this relationship or operation."
"WorkspaceAsset","One declared workspace × asset relationship interval","CreatedAt","datetime2","NOT NULL","UTC time this registry row was inserted. Never substitute a source creation timestamp."
"WorkspaceAsset","One declared workspace × asset relationship interval","ModifiedAt","datetime2","NOT NULL","UTC time of the most recent allowed update."
"WorkspaceAsset","One declared workspace × asset relationship interval","ModifiedByPersonID","uniqueidentifier","FK → Person NULL","Person responsible for the most recent allowed update."
"WorkspaceAsset","One declared workspace × asset relationship interval","RowVersion","rowversion","NOT NULL","SQL Server concurrency token. Reject updates based on an outdated token."
"AssetVersion","One release of one asset","AssetVersionID","uniqueidentifier","PK","Stable internal primary key for this AssetVersion row. Source-native identity is retained separately when applicable."
"AssetVersion","One release of one asset","AssetID","uniqueidentifier","FK → Asset","Links this AssetVersion row to Asset. Role: Asset identifier. Uses the internal key, never the record name."
"AssetVersion","One release of one asset","VersionReference","nvarchar(100)","NOT NULL","Business release reference for an asset. It is distinct from extracted native revision metadata."
"AssetVersion","One release of one asset","EnvironmentCode","nvarchar(30)","NOT NULL","Controlled environment value for this AssetVersion record. Allowed values and transitions follow the table rules."
"AssetVersion","One release of one asset","AssetPurpose","nvarchar(1000)","NOT NULL","Business purpose declared for the assessed asset release."
"AssetVersion","One release of one asset","IntendedAudience","nvarchar(500)","NOT NULL","Intended consumer population for the asset release."
"AssetVersion","One release of one asset","DeveloperPersonID","uniqueidentifier","FK → Person","Links this AssetVersion row to Person. Role: Developer Person identifier. Uses the internal key, never the record name."
"AssetVersion","One release of one asset","ReviewingChampionPersonID","uniqueidentifier","FK → Person","Links this AssetVersion row to Person. Role: Reviewing Champion Person identifier. Uses the internal key, never the record name."
"AssetVersion","One release of one asset","ProductionFlag","bit","NOT NULL","Declared production-release state."
"AssetVersion","One release of one asset","PersonalSpaceFlag","bit","NOT NULL","Whether the source or declaration identifies personal space; NULL observed values mean unknown."
"AssetVersion","One release of one asset","ExpectedActivityCadenceDays","int","NULL","Expected use interval for this business process; requires owner agreement before stale-use assessment."
"AssetVersion","One release of one asset","ReleasedAt","datetime2","NULL","UTC timestamp for released at in this record's lifecycle. NULL means the event or boundary is not established."
"AssetVersion","One release of one asset","CreatedAt","datetime2","NOT NULL","UTC time this registry row was inserted. Never substitute a source creation timestamp."
"AssetAssessment","Asset version × individual assessment","AssetAssessmentID","uniqueidentifier","PK","Stable internal primary key for this AssetAssessment row. Source-native identity is retained separately when applicable."
"AssetAssessment","Asset version × individual assessment","AssetVersionID","uniqueidentifier","FK → AssetVersion","Links this AssetAssessment row to AssetVersion. Role: Asset Version identifier. Uses the internal key, never the record name."
"AssetAssessment","Asset version × individual assessment","AssessmentTriggerCode","nvarchar(40)","NOT NULL","Initial production release or the material-change category requiring this assessment."
"AssetAssessment","Asset version × individual assessment","ReviewNumber","int","NOT NULL","Sequence of reviews for the asset version."
"AssetAssessment","Asset version × individual assessment","ReviewDate","date","NOT NULL","Business review calendar date, separate from ingestion timestamps."
"AssetAssessment","Asset version × individual assessment","ReviewerPersonID","uniqueidentifier","FK → Person","Links this AssetAssessment row to Person. Role: Reviewer Person identifier. Uses the internal key, never the record name."
"AssetAssessment","Asset version × individual assessment","ReviewStatusCode","nvarchar(30)","NOT NULL","Controlled review status value for this AssetAssessment record. Allowed values and transitions follow the table rules."
"AssetAssessment","Asset version × individual assessment","ReviewOutcomeCode","nvarchar(40)","NOT NULL","Reviewer decision: pending, approved, approved with follow-up, or changes required."
"AssetAssessment","Asset version × individual assessment","Comments","nvarchar(2000)","NULL","Reviewer explanation, including required follow-up or change details."
"AssetAssessment","Asset version × individual assessment","SolutionFolderURL","nvarchar(1000)","NULL","Approved http or https reference for solution folder. Keep the referenced document external and exclude secrets from the URL."
"AssetAssessment","Asset version × individual assessment","DevelopmentSolutionURL","nvarchar(1000)","NULL","Approved http or https reference for development solution. Keep the referenced document external and exclude secrets from the URL."
"AssetAssessment","Asset version × individual assessment","RequirementsURL","nvarchar(1000)","NULL","Approved http or https reference for requirements. Keep the referenced document external and exclude secrets from the URL."
"AssetAssessment","Asset version × individual assessment","EvidenceURL","nvarchar(1000)","NULL","Approved http or https reference for evidence. Keep the referenced document external and exclude secrets from the URL."
"AssetAssessment","Asset version × individual assessment","RowLevelSecurityCode","nvarchar(30)","NOT NULL","Declared row-level security use, including Unknown or Not applicable."
"AssetAssessment","Asset version × individual assessment","ProcessingTypeCode","nvarchar(40)","NOT NULL","Import, DirectQuery, live, extract, or workflow processing mode; not the source technology."
"AssetAssessment","Asset version × individual assessment","DatasetSizeMB","decimal(18,2)","NULL","Measured or declared dataset size in megabytes. NULL means unavailable."
"AssetAssessment","Asset version × individual assessment","CalculationCount","int","NULL","Number of calculations in the assessed scope; NULL means not measured."
"AssetAssessment","Asset version × individual assessment","ComplexityCode","nvarchar(30)","NULL","Approved complexity classification for the release; values are configurable."
"AssetAssessment","Asset version × individual assessment","DataSourceCount","int","NULL","Count of distinct relevant sources; NULL means unknown, not zero."
"AssetAssessment","Asset version × individual assessment","DurationSeconds","decimal(18,2)","NULL","Assessed refresh or execution duration in seconds; interpret by asset type."
"AssetAssessment","Asset version × individual assessment","AudienceSize","int","NULL","Intended audience count; do not substitute observed consumers."
"AssetAssessment","Asset version × individual assessment","PRLScore","decimal(10,2)","NULL","Readiness score. No final scoring formula is approved in this prototype."
"AssetAssessment","Asset version × individual assessment","PRLTag","nvarchar(30)","NULL","Readiness label assigned by the assessment."
"AssetAssessment","Asset version × individual assessment","PRLMethodVersion","nvarchar(30)","NULL","Approved scoring method version, when available."
"AssetAssessment","Asset version × individual assessment","IsIllustrativeScore","bit","NOT NULL","True when the PRL value is a demonstration rather than an approved calculation."
"AssetAssessment","Asset version × individual assessment","ObservedPRLTag","nvarchar(30)","NULL","Readiness tag extracted from the platform. It does not overwrite the declared review decision."
"AssetAssessment","Asset version × individual assessment","ObservedExtractRunID","uniqueidentifier","FK → ExtractRun NULL","Links this AssetAssessment row to ExtractRun. Role: Observed Extract Run identifier. Uses the internal key, never the record name."
"AssetAssessment","Asset version × individual assessment","EUCTCode","nvarchar(40)","NOT NULL","Asset-level end-user computing tool classification; distinct from workspace intent."
"AssetAssessment","Asset version × individual assessment","DMPCode","nvarchar(40)","NOT NULL","Asset-level data management classification. Align its vocabulary with policy before production."
"AssetAssessment","Asset version × individual assessment","PIIStateCode","nvarchar(20)","NOT NULL","Asset PII classification: Yes, No, or Unknown."
"AssetAssessment","Asset version × individual assessment","CreatedAt","datetime2","NOT NULL","UTC time this registry row was inserted. Never substitute a source creation timestamp."
"DataSource","One canonical source endpoint / database / schema","DataSourceID","uniqueidentifier","PK","Stable internal primary key for this DataSource row. Source-native identity is retained separately when applicable."
"DataSource","One canonical source endpoint / database / schema","TechnologyCode","nvarchar(40)","NOT NULL","Source technology, such as Oracle or SQL Server. Keep processing mode such as Extract in its own field."
"DataSource","One canonical source endpoint / database / schema","EnvironmentCode","nvarchar(30)","NOT NULL","Controlled environment value for this DataSource record. Allowed values and transitions follow the table rules."
"DataSource","One canonical source endpoint / database / schema","ServerHostname","nvarchar(255)","NULL","Source host without user information, tokens, or credentials."
"DataSource","One canonical source endpoint / database / schema","Port","int","NULL","Source network port when known."
"DataSource","One canonical source endpoint / database / schema","DatabaseName","nvarchar(200)","NULL","Source database identifier when observed."
"DataSource","One canonical source endpoint / database / schema","SchemaName","nvarchar(200)","NULL","Source schema identifier when available."
"DataSource","One canonical source endpoint / database / schema","SourceLocator","nvarchar(1000)","NULL","Approved sanitized file or endpoint locator. Never include credential-bearing query strings."
"DataSource","One canonical source endpoint / database / schema","CanonicalFingerprint","char(64)","UNIQUE NOT NULL","Hash of the approved canonical endpoint attributes used for deduplication; never a hash of secrets."
"DataSource","One canonical source endpoint / database / schema","CreatedAt","datetime2","NOT NULL","UTC time this registry row was inserted. Never substitute a source creation timestamp."
"DataSource","One canonical source endpoint / database / schema","ModifiedAt","datetime2","NOT NULL","UTC time of the most recent allowed update."
"DataSource","One canonical source endpoint / database / schema","ModifiedByPersonID","uniqueidentifier","FK → Person NULL","Person responsible for the most recent allowed update."
"DataSource","One canonical source endpoint / database / schema","RowVersion","rowversion","NOT NULL","SQL Server concurrency token. Reject updates based on an outdated token."
"Connection","One platform-native connection identity","ConnectionID","uniqueidentifier","PK / FK → RegistryObject.ObjectID","Stable internal primary key for this Connection row. Source-native identity is retained separately when applicable."
"Connection","One platform-native connection identity","RegistrationStatusCode","nvarchar(30)","NOT NULL","Controlled registration status value for this Connection record. Allowed values and transitions follow the table rules."
"Connection","One platform-native connection identity","ExpectedIdentityClassCode","nvarchar(40)","NULL","Business-approved identity class for this connection."
"Connection","One platform-native connection identity","CredentialPolicyCode","nvarchar(40)","NULL","Policy applicable to the connection identity. Unknown policy does not prove exposure."
"Connection","One platform-native connection identity","CreatedAt","datetime2","NOT NULL","UTC time this registry row was inserted. Never substitute a source creation timestamp."
"Connection","One platform-native connection identity","ModifiedAt","datetime2","NOT NULL","UTC time of the most recent allowed update."
"Connection","One platform-native connection identity","ModifiedByPersonID","uniqueidentifier","FK → Person NULL","Person responsible for the most recent allowed update."
"Connection","One platform-native connection identity","RowVersion","rowversion","NOT NULL","SQL Server concurrency token. Reject updates based on an outdated token."
"DeclaredAssetConnection","One expected asset version × connection association","DeclaredAssetConnectionID","uniqueidentifier","PK","Stable internal primary key for this DeclaredAssetConnection row. Source-native identity is retained separately when applicable."
"DeclaredAssetConnection","One expected asset version × connection association","AssetVersionID","uniqueidentifier","FK → AssetVersion","Links this DeclaredAssetConnection row to AssetVersion. Role: Asset Version identifier. Uses the internal key, never the record name."
"DeclaredAssetConnection","One expected asset version × connection association","ConnectionID","uniqueidentifier","FK → Connection","Links this DeclaredAssetConnection row to Connection. Role: Connection identifier. Uses the internal key, never the record name."
"DeclaredAssetConnection","One expected asset version × connection association","ExpectedUse","nvarchar(500)","NULL","Declared reason this asset version requires the connection."
"DeclaredAssetConnection","One expected asset version × connection association","ConfirmedByPersonID","uniqueidentifier","FK → Person NULL","Links this DeclaredAssetConnection row to Person. Role: Confirmed By Person identifier. Uses the internal key, never the record name."
"DeclaredAssetConnection","One expected asset version × connection association","ConfirmedAt","datetime2","NULL","UTC timestamp for confirmed at in this record's lifecycle. NULL means the event or boundary is not established."
"DeclaredAssetConnection","One expected asset version × connection association","CreatedAt","datetime2","NOT NULL","UTC time this registry row was inserted. Never substitute a source creation timestamp."
"ExtractRun","One platform instance × collector execution","ExtractRunID","uniqueidentifier","PK","Stable internal primary key for this ExtractRun row. Source-native identity is retained separately when applicable."
"ExtractRun","One platform instance × collector execution","PlatformInstanceID","uniqueidentifier","FK → PlatformInstance","Links this ExtractRun row to PlatformInstance. Role: Platform Instance identifier. Uses the internal key, never the record name."
"ExtractRun","One platform instance × collector execution","CollectorVersion","nvarchar(50)","NOT NULL","Version of the collection script and mappings that produced the run."
"ExtractRun","One platform instance × collector execution","StartedAt","datetime2","NOT NULL","UTC timestamp for started at in this record's lifecycle. NULL means the event or boundary is not established."
"ExtractRun","One platform instance × collector execution","CompletedAt","datetime2","NULL","UTC timestamp for completed at in this record's lifecycle. NULL means the event or boundary is not established."
"ExtractRun","One platform instance × collector execution","RunStatusCode","nvarchar(30)","NOT NULL","Complete, Partial, Failed, or running state; never treat failure as empty inventory."
"ExtractRun","One platform instance × collector execution","ScopeDescription","nvarchar(1000)","NOT NULL","Exact collection boundary and exclusions. Used to interpret absent records safely."
"ExtractRun","One platform instance × collector execution","SourceWatermark","nvarchar(200)","NULL","Source cursor or change watermark for resumable incremental collection."
"ExtractRun","One platform instance × collector execution","EvidenceURI","nvarchar(1000)","NULL","Approved http or https reference for evidence. Keep the referenced document external and exclude secrets from the URL."
"ExtractRun","One platform instance × collector execution","ErrorSummary","nvarchar(2000)","NULL","Collection or processing failure summary without credential-bearing payloads."
"ExtractRun","One platform instance × collector execution","CreatedAt","datetime2","NOT NULL","UTC time this registry row was inserted. Never substitute a source creation timestamp."
"ExtractDataset","Extract run × dataset / scope","ExtractDatasetID","uniqueidentifier","PK","Stable internal primary key for this ExtractDataset row. Source-native identity is retained separately when applicable."
"ExtractDataset","Extract run × dataset / scope","ExtractRunID","uniqueidentifier","FK → ExtractRun","Links this ExtractDataset row to ExtractRun. Role: Extract Run identifier. Uses the internal key, never the record name."
"ExtractDataset","Extract run × dataset / scope","DatasetCode","nvarchar(50)","NOT NULL","Dataset being collected, such as assets, connections, lineage, permissions, or activity."
"ExtractDataset","Extract run × dataset / scope","ScopeKey","nvarchar(200)","NOT NULL","Boundary for dataset completeness, such as a site, workspace, or tenant."
"ExtractDataset","Extract run × dataset / scope","CoverageStatusCode","nvarchar(30)","NOT NULL","Complete, Partial, Not collected, or equivalent supported coverage state."
"ExtractDataset","Extract run × dataset / scope","RowCount","int","NULL","Rows delivered for the dataset after defined deduplication; NULL means not established."
"ExtractDataset","Extract run × dataset / scope","CollectedAt","datetime2","NULL","UTC timestamp for collected at in this record's lifecycle. NULL means the event or boundary is not established."
"ExtractDataset","Extract run × dataset / scope","ErrorSummary","nvarchar(2000)","NULL","Collection or processing failure summary without credential-bearing payloads."
"ExtractDataset","Extract run × dataset / scope","CreatedAt","datetime2","NOT NULL","UTC time this registry row was inserted. Never substitute a source creation timestamp."
"ObservedWorkspace","Extract run × workspace","ObservedWorkspaceID","uniqueidentifier","PK","Stable internal primary key for this ObservedWorkspace row. Source-native identity is retained separately when applicable."
"ObservedWorkspace","Extract run × workspace","ExtractRunID","uniqueidentifier","FK → ExtractRun","Links this ObservedWorkspace row to ExtractRun. Role: Extract Run identifier. Uses the internal key, never the record name."
"ObservedWorkspace","Extract run × workspace","WorkspaceID","uniqueidentifier","FK → Workspace","Links this ObservedWorkspace row to Workspace. Role: Workspace identifier. Uses the internal key, never the record name."
"ObservedWorkspace","Extract run × workspace","DisplayName","nvarchar(200)","NOT NULL","Human-readable label at this record or snapshot. Names may change and are never refresh join keys."
"ObservedWorkspace","Extract run × workspace","NativeOwnerPrincipalID","uniqueidentifier","FK → Principal NULL","Observed technical owner; not automatically the accountable business owner."
"ObservedWorkspace","Extract run × workspace","NativeLifecycleCode","nvarchar(40)","NULL","Controlled native lifecycle value for this ObservedWorkspace record. Allowed values and transitions follow the table rules."
"ObservedWorkspace","Extract run × workspace","CapacityKey","nvarchar(200)","NULL","Native capacity identifier for the observation."
"ObservedWorkspace","Extract run × workspace","LastActivityAt","datetime2","NULL","Last observed qualifying usage event. NULL does not mean no usage."
"ObservedWorkspace","Extract run × workspace","ObservedAt","datetime2","NOT NULL","UTC timestamp for observed at in this record's lifecycle. NULL means the event or boundary is not established."
"ObservedWorkspace","Extract run × workspace","CreatedAt","datetime2","NOT NULL","UTC time this registry row was inserted. Never substitute a source creation timestamp."
"ObservedAsset","Extract run × asset","ObservedAssetID","uniqueidentifier","PK","Stable internal primary key for this ObservedAsset row. Source-native identity is retained separately when applicable."
"ObservedAsset","Extract run × asset","ExtractRunID","uniqueidentifier","FK → ExtractRun","Links this ObservedAsset row to ExtractRun. Role: Extract Run identifier. Uses the internal key, never the record name."
"ObservedAsset","Extract run × asset","AssetID","uniqueidentifier","FK → Asset","Links this ObservedAsset row to Asset. Role: Asset identifier. Uses the internal key, never the record name."
"ObservedAsset","Extract run × asset","DisplayName","nvarchar(200)","NOT NULL","Human-readable label at this record or snapshot. Names may change and are never refresh join keys."
"ObservedAsset","Extract run × asset","NativeVersionReference","nvarchar(100)","NULL","Native revision identifier when exposed; do not fabricate a release version."
"ObservedAsset","Extract run × asset","NativeOwnerPrincipalID","uniqueidentifier","FK → Principal NULL","Observed technical owner; not automatically the accountable business owner."
"ObservedAsset","Extract run × asset","NativeLifecycleCode","nvarchar(40)","NULL","Controlled native lifecycle value for this ObservedAsset record. Allowed values and transitions follow the table rules."
"ObservedAsset","Extract run × asset","CreatedByPrincipalID","uniqueidentifier","FK → Principal NULL","Links this ObservedAsset row to Principal. Role: Created By Principal identifier. Uses the internal key, never the record name."
"ObservedAsset","Extract run × asset","ModifiedByPrincipalID","uniqueidentifier","FK → Principal NULL","Links this ObservedAsset row to Principal. Role: Modified By Principal identifier. Uses the internal key, never the record name."
"ObservedAsset","Extract run × asset","CreatedAtNative","datetime2","NULL","Creation time reported by the source. Distinct from the registry row creation time."
"ObservedAsset","Extract run × asset","ModifiedAtNative","datetime2","NULL","Modification time reported by the source. Not a reliable substitute for business usage."
"ObservedAsset","Extract run × asset","LastActivityAt","datetime2","NULL","Last observed qualifying usage event. NULL does not mean no usage."
"ObservedAsset","Extract run × asset","PersonalSpaceFlag","bit","NULL","Whether the source or declaration identifies personal space; NULL observed values mean unknown."
"ObservedAsset","Extract run × asset","NativePRLTag","nvarchar(30)","NULL","Platform-supplied readiness label, if available."
"ObservedAsset","Extract run × asset","RuntimeSeconds","decimal(18,2)","NULL","Observed workflow or query runtime in seconds within the stated measurement window."
"ObservedAsset","Extract run × asset","RefreshDurationSeconds","decimal(18,2)","NULL","Observed refresh duration in seconds within the stated measurement window."
"ObservedAsset","Extract run × asset","ConsumerCount","int","NULL","Distinct observed consumers in the stated window. NULL is unknown."
"ObservedAsset","Extract run × asset","MeasurementWindowStart","datetime2","NULL","Inclusive start of the measurement interval in UTC."
"ObservedAsset","Extract run × asset","MeasurementWindowEnd","datetime2","NULL","Exclusive end of the measurement interval in UTC."
"ObservedAsset","Extract run × asset","CreatedAt","datetime2","NOT NULL","UTC time this registry row was inserted. Never substitute a source creation timestamp."
"ObservedWorkspaceAsset","Extract run × workspace × asset","ObservedWorkspaceAssetID","uniqueidentifier","PK","Stable internal primary key for this ObservedWorkspaceAsset row. Source-native identity is retained separately when applicable."
"ObservedWorkspaceAsset","Extract run × workspace × asset","ExtractRunID","uniqueidentifier","FK → ExtractRun","Links this ObservedWorkspaceAsset row to ExtractRun. Role: Extract Run identifier. Uses the internal key, never the record name."
"ObservedWorkspaceAsset","Extract run × workspace × asset","WorkspaceID","uniqueidentifier","FK → Workspace","Links this ObservedWorkspaceAsset row to Workspace. Role: Workspace identifier. Uses the internal key, never the record name."
"ObservedWorkspaceAsset","Extract run × workspace × asset","AssetID","uniqueidentifier","FK → Asset","Links this ObservedWorkspaceAsset row to Asset. Role: Asset identifier. Uses the internal key, never the record name."
"ObservedWorkspaceAsset","Extract run × workspace × asset","NativeAssociationType","nvarchar(40)","NOT NULL","Source relationship type, preserved without converting physical membership to business ownership."
"ObservedWorkspaceAsset","Extract run × workspace × asset","CreatedAt","datetime2","NOT NULL","UTC time this registry row was inserted. Never substitute a source creation timestamp."
"ObservedConnection","Extract run × connection","ObservedConnectionID","uniqueidentifier","PK","Stable internal primary key for this ObservedConnection row. Source-native identity is retained separately when applicable."
"ObservedConnection","Extract run × connection","ExtractRunID","uniqueidentifier","FK → ExtractRun","Links this ObservedConnection row to ExtractRun. Role: Extract Run identifier. Uses the internal key, never the record name."
"ObservedConnection","Extract run × connection","ConnectionID","uniqueidentifier","FK → Connection","Links this ObservedConnection row to Connection. Role: Connection identifier. Uses the internal key, never the record name."
"ObservedConnection","Extract run × connection","DisplayName","nvarchar(200)","NOT NULL","Human-readable label at this record or snapshot. Names may change and are never refresh join keys."
"ObservedConnection","Extract run × connection","DataSourceID","uniqueidentifier","FK → DataSource NULL","Links this ObservedConnection row to DataSource. Role: Data Source identifier. Uses the internal key, never the record name."
"ObservedConnection","Extract run × connection","Username","nvarchar(254)","NULL","Observed account label, if authorized for collection. It is evidence, not a password."
"ObservedConnection","Extract run × connection","AuthenticationTypeCode","nvarchar(40)","NULL","Source authentication mechanism when exposed."
"ObservedConnection","Extract run × connection","IdentityClassificationCode","nvarchar(40)","NOT NULL","Service Account, Personal Account, Managed Identity, Delegated User, or Unknown; inference requires evidence."
"ObservedConnection","Extract run × connection","IdentityPrincipalID","uniqueidentifier","FK → Principal NULL","Links this ObservedConnection row to Principal. Role: Identity Principal identifier. Uses the internal key, never the record name."
"ObservedConnection","Extract run × connection","CredentialReferenceID","nvarchar(200)","NULL","Opaque reference to externally managed credentials. Never a password, secret, or access token."
"ObservedConnection","Extract run × connection","GatewayID","nvarchar(200)","NULL","Native gateway identifier. An absent value does not automatically mean an error."
"ObservedConnection","Extract run × connection","CreatedByPrincipalID","uniqueidentifier","FK → Principal NULL","Links this ObservedConnection row to Principal. Role: Created By Principal identifier. Uses the internal key, never the record name."
"ObservedConnection","Extract run × connection","ModifiedAtNative","datetime2","NULL","Modification time reported by the source. Not a reliable substitute for business usage."
"ObservedConnection","Extract run × connection","NativeStatusCode","nvarchar(40)","NULL","Controlled native status value for this ObservedConnection record. Allowed values and transitions follow the table rules."
"ObservedConnection","Extract run × connection","EvidenceStatusCode","nvarchar(30)","NOT NULL","Whether evidence is usable, missing, partial, unresolved, or otherwise limited."
"ObservedConnection","Extract run × connection","CreatedAt","datetime2","NOT NULL","UTC time this registry row was inserted. Never substitute a source creation timestamp."
"ObservedAssetDependency","Extract run × consuming asset × upstream asset × dependency type","ObservedAssetDependencyID","uniqueidentifier","PK","Stable internal primary key for this ObservedAssetDependency row. Source-native identity is retained separately when applicable."
"ObservedAssetDependency","Extract run × consuming asset × upstream asset × dependency type","ExtractRunID","uniqueidentifier","FK → ExtractRun","Links this ObservedAssetDependency row to ExtractRun. Role: Extract Run identifier. Uses the internal key, never the record name."
"ObservedAssetDependency","Extract run × consuming asset × upstream asset × dependency type","ConsumerAssetID","uniqueidentifier","FK → Asset","Links this ObservedAssetDependency row to Asset. Role: Consumer Asset identifier. Uses the internal key, never the record name."
"ObservedAssetDependency","Extract run × consuming asset × upstream asset × dependency type","ProviderAssetID","uniqueidentifier","FK → Asset","Links this ObservedAssetDependency row to Asset. Role: Provider Asset identifier. Uses the internal key, never the record name."
"ObservedAssetDependency","Extract run × consuming asset × upstream asset × dependency type","DependencyTypeCode","nvarchar(40)","NOT NULL","Observed asset-to-asset dependency, such as ReportUsesSemanticModel; preserves intermediate lineage."
"ObservedAssetDependency","Extract run × consuming asset × upstream asset × dependency type","EvidenceStatusCode","nvarchar(30)","NOT NULL","Whether evidence is usable, missing, partial, unresolved, or otherwise limited."
"ObservedAssetDependency","Extract run × consuming asset × upstream asset × dependency type","CreatedAt","datetime2","NOT NULL","UTC time this registry row was inserted. Never substitute a source creation timestamp."
"ObservedAssetConnection","Extract run × asset × connection","ObservedAssetConnectionID","uniqueidentifier","PK","Stable internal primary key for this ObservedAssetConnection row. Source-native identity is retained separately when applicable."
"ObservedAssetConnection","Extract run × asset × connection","ExtractRunID","uniqueidentifier","FK → ExtractRun","Links this ObservedAssetConnection row to ExtractRun. Role: Extract Run identifier. Uses the internal key, never the record name."
"ObservedAssetConnection","Extract run × asset × connection","AssetID","uniqueidentifier","FK → Asset","Links this ObservedAssetConnection row to Asset. Role: Asset identifier. Uses the internal key, never the record name."
"ObservedAssetConnection","Extract run × asset × connection","ConnectionID","uniqueidentifier","FK → Connection","Links this ObservedAssetConnection row to Connection. Role: Connection identifier. Uses the internal key, never the record name."
"ObservedAssetConnection","Extract run × asset × connection","DataSourceID","uniqueidentifier","FK → DataSource NULL","Links this ObservedAssetConnection row to DataSource. Role: Data Source identifier. Uses the internal key, never the record name."
"ObservedAssetConnection","Extract run × asset × connection","EvidenceStatusCode","nvarchar(30)","NOT NULL","Whether evidence is usable, missing, partial, unresolved, or otherwise limited."
"ObservedAssetConnection","Extract run × asset × connection","CreatedAt","datetime2","NOT NULL","UTC time this registry row was inserted. Never substitute a source creation timestamp."
"ObservedWorkspaceConnection","Extract run × direct workspace × connection association","ObservedWorkspaceConnectionID","uniqueidentifier","PK","Stable internal primary key for this ObservedWorkspaceConnection row. Source-native identity is retained separately when applicable."
"ObservedWorkspaceConnection","Extract run × direct workspace × connection association","ExtractRunID","uniqueidentifier","FK → ExtractRun","Links this ObservedWorkspaceConnection row to ExtractRun. Role: Extract Run identifier. Uses the internal key, never the record name."
"ObservedWorkspaceConnection","Extract run × direct workspace × connection association","WorkspaceID","uniqueidentifier","FK → Workspace","Links this ObservedWorkspaceConnection row to Workspace. Role: Workspace identifier. Uses the internal key, never the record name."
"ObservedWorkspaceConnection","Extract run × direct workspace × connection association","ConnectionID","uniqueidentifier","FK → Connection","Links this ObservedWorkspaceConnection row to Connection. Role: Connection identifier. Uses the internal key, never the record name."
"ObservedWorkspaceConnection","Extract run × direct workspace × connection association","EvidenceStatusCode","nvarchar(30)","NOT NULL","Whether evidence is usable, missing, partial, unresolved, or otherwise limited."
"ObservedWorkspaceConnection","Extract run × direct workspace × connection association","CreatedAt","datetime2","NOT NULL","UTC time this registry row was inserted. Never substitute a source creation timestamp."
"ConfiguredAccessSnapshot","Extract run × workspace × principal × native access level","ConfiguredAccessID","uniqueidentifier","PK","Stable internal primary key for this ConfiguredAccessSnapshot row. Source-native identity is retained separately when applicable."
"ConfiguredAccessSnapshot","Extract run × workspace × principal × native access level","ExtractRunID","uniqueidentifier","FK → ExtractRun","Links this ConfiguredAccessSnapshot row to ExtractRun. Role: Extract Run identifier. Uses the internal key, never the record name."
"ConfiguredAccessSnapshot","Extract run × workspace × principal × native access level","WorkspaceID","uniqueidentifier","FK → Workspace","Links this ConfiguredAccessSnapshot row to Workspace. Role: Workspace identifier. Uses the internal key, never the record name."
"ConfiguredAccessSnapshot","Extract run × workspace × principal × native access level","PrincipalID","uniqueidentifier","FK → Principal","Links this ConfiguredAccessSnapshot row to Principal. Role: Principal identifier. Uses the internal key, never the record name."
"ConfiguredAccessSnapshot","Extract run × workspace × principal × native access level","NativeAccessLevelCode","nvarchar(50)","NOT NULL","Platform-native permission. Map explicitly to intended purposes; Champion is not a higher permission tier."
"ConfiguredAccessSnapshot","Extract run × workspace × principal × native access level","IsDirectAssignment","bit","NOT NULL","True when the platform grants access directly rather than through a group or inherited object."
"ConfiguredAccessSnapshot","Extract run × workspace × principal × native access level","InheritedFromObjectID","uniqueidentifier","FK → RegistryObject NULL","Links this ConfiguredAccessSnapshot row to RegistryObject. Role: Inherited From Object identifier. Uses the internal key, never the record name."
"ConfiguredAccessSnapshot","Extract run × workspace × principal × native access level","CreatedAt","datetime2","NOT NULL","UTC time this registry row was inserted. Never substitute a source creation timestamp."
"GroupMembershipSnapshot","Directory extract × group × person","GroupMembershipID","uniqueidentifier","PK","Stable internal primary key for this GroupMembershipSnapshot row. Source-native identity is retained separately when applicable."
"GroupMembershipSnapshot","Directory extract × group × person","ExtractRunID","uniqueidentifier","FK → ExtractRun","Links this GroupMembershipSnapshot row to ExtractRun. Role: Extract Run identifier. Uses the internal key, never the record name."
"GroupMembershipSnapshot","Directory extract × group × person","DirectoryGroupID","uniqueidentifier","FK → DirectoryGroup","Links this GroupMembershipSnapshot row to DirectoryGroup. Role: Directory Group identifier. Uses the internal key, never the record name."
"GroupMembershipSnapshot","Directory extract × group × person","PersonID","uniqueidentifier","FK → Person","Links this GroupMembershipSnapshot row to Person. Role: Person identifier. Uses the internal key, never the record name."
"GroupMembershipSnapshot","Directory extract × group × person","MembershipKindCode","nvarchar(30)","NOT NULL","Direct or nested membership classification from directory evidence."
"GroupMembershipSnapshot","Directory extract × group × person","IsTransitive","bit","NOT NULL","Whether nested-group expansion contributed the membership."
"GroupMembershipSnapshot","Directory extract × group × person","CreatedAt","datetime2","NOT NULL","UTC time this registry row was inserted. Never substitute a source creation timestamp."
"EffectiveAccessSnapshot","Extract run × workspace × user × effective access","EffectiveAccessID","uniqueidentifier","PK","Stable internal primary key for this EffectiveAccessSnapshot row. Source-native identity is retained separately when applicable."
"EffectiveAccessSnapshot","Extract run × workspace × user × effective access","ExtractRunID","uniqueidentifier","FK → ExtractRun","Links this EffectiveAccessSnapshot row to ExtractRun. Role: Extract Run identifier. Uses the internal key, never the record name."
"EffectiveAccessSnapshot","Extract run × workspace × user × effective access","DirectoryRunID","uniqueidentifier","FK → ExtractRun NULL","Links this EffectiveAccessSnapshot row to ExtractRun. Role: Directory Run identifier. Uses the internal key, never the record name."
"EffectiveAccessSnapshot","Extract run × workspace × user × effective access","WorkspaceID","uniqueidentifier","FK → Workspace","Links this EffectiveAccessSnapshot row to Workspace. Role: Workspace identifier. Uses the internal key, never the record name."
"EffectiveAccessSnapshot","Extract run × workspace × user × effective access","PersonID","uniqueidentifier","FK → Person","Links this EffectiveAccessSnapshot row to Person. Role: Person identifier. Uses the internal key, never the record name."
"EffectiveAccessSnapshot","Extract run × workspace × user × effective access","EffectiveAccessCode","nvarchar(50)","NOT NULL","Resolved effective access after combining paths and applicable permission rules."
"EffectiveAccessSnapshot","Extract run × workspace × user × effective access","EvidenceStatusCode","nvarchar(30)","NOT NULL","Whether evidence is usable, missing, partial, unresolved, or otherwise limited."
"EffectiveAccessSnapshot","Extract run × workspace × user × effective access","CreatedAt","datetime2","NOT NULL","UTC time this registry row was inserted. Never substitute a source creation timestamp."
"EffectiveAccessPath","One effective access row × configured assignment path","EffectiveAccessPathID","uniqueidentifier","PK","Stable internal primary key for this EffectiveAccessPath row. Source-native identity is retained separately when applicable."
"EffectiveAccessPath","One effective access row × configured assignment path","EffectiveAccessID","uniqueidentifier","FK → EffectiveAccessSnapshot","Links this EffectiveAccessPath row to EffectiveAccessSnapshot. Role: Effective Access identifier. Uses the internal key, never the record name."
"EffectiveAccessPath","One effective access row × configured assignment path","ConfiguredAccessID","uniqueidentifier","FK → ConfiguredAccessSnapshot","Links this EffectiveAccessPath row to ConfiguredAccessSnapshot. Role: Configured Access identifier. Uses the internal key, never the record name."
"EffectiveAccessPath","One effective access row × configured assignment path","DirectoryGroupID","uniqueidentifier","FK → DirectoryGroup NULL","Links this EffectiveAccessPath row to DirectoryGroup. Role: Directory Group identifier. Uses the internal key, never the record name."
"EffectiveAccessPath","One effective access row × configured assignment path","CreatedAt","datetime2","NOT NULL","UTC time this registry row was inserted. Never substitute a source creation timestamp."
"RiskBucket","One reporting bucket","RiskBucketID","int","PK","Stable internal primary key for this RiskBucket row. Source-native identity is retained separately when applicable."
"RiskBucket","One reporting bucket","Name","nvarchar(60)","UNIQUE NOT NULL","Human-readable controlled label. Identity is stored in the primary key."
"RiskBucket","One reporting bucket","Definition","nvarchar(1000)","NOT NULL","Business meaning of a controlled term."
"RiskBucket","One reporting bucket","SortOrder","int","NOT NULL","Presentation order; it is not an implicit severity or policy hierarchy."
"RiskBucket","One reporting bucket","CreatedAt","datetime2","NOT NULL","UTC time this registry row was inserted. Never substitute a source creation timestamp."
"DetectionRuleIdentity","One durable detection rule identity","StableRuleCode","nvarchar(60)","PK","Rule identity preserved across implementation versions so recurring findings retain their lifecycle."
"DetectionRuleIdentity","One durable detection rule identity","DisplayName","nvarchar(150)","NOT NULL","Human-readable label at this record or snapshot. Names may change and are never refresh join keys."
"DetectionRuleIdentity","One durable detection rule identity","IsEnabled","bit","NOT NULL","Whether new workflows can select this platform."
"DetectionRuleIdentity","One durable detection rule identity","CreatedAt","datetime2","NOT NULL","UTC time this registry row was inserted. Never substitute a source creation timestamp."
"DetectionRule","One rule version","DetectionRuleVersionID","uniqueidentifier","PK","Stable internal primary key for this DetectionRule row. Source-native identity is retained separately when applicable."
"DetectionRule","One rule version","StableRuleCode","nvarchar(60)","FK → DetectionRuleIdentity NOT NULL","Rule identity preserved across implementation versions so recurring findings retain their lifecycle."
"DetectionRule","One rule version","RuleVersion","nvarchar(30)","NOT NULL","Version of the rule logic and thresholds."
"DetectionRule","One rule version","RiskBucketID","int","FK → RiskBucket","Links this DetectionRule row to RiskBucket. Role: Risk Bucket identifier. Uses the internal key, never the record name."
"DetectionRule","One rule version","RuleName","nvarchar(150)","NOT NULL","Human-readable detection rule name."
"DetectionRule","One rule version","ObjectTypeCode","nvarchar(30)","NOT NULL","Registry identity subtype: Workspace, Asset, or Connection. Exactly one corresponding subtype row must exist."
"DetectionRule","One rule version","DefaultSeverityCode","nvarchar(20)","NOT NULL","Controlled default severity value for this DetectionRule record. Allowed values and transitions follow the table rules."
"DetectionRule","One rule version","RequiredDatasetCodes","nvarchar(500)","NOT NULL","Dataset prerequisites for evaluating the rule. Missing prerequisites produce unresolved results."
"DetectionRule","One rule version","LogicReference","nvarchar(1000)","NOT NULL","Versioned rule implementation or approved manual method reference."
"DetectionRule","One rule version","ThresholdConfiguration","nvarchar(max)","NULL","Versioned threshold settings; no production defaults are implied."
"DetectionRule","One rule version","EffectiveFrom","datetime2","NOT NULL","UTC timestamp for effective from in this record's lifecycle. NULL means the event or boundary is not established."
"DetectionRule","One rule version","EffectiveTo","datetime2","NULL","UTC timestamp for effective to in this record's lifecycle. NULL means the event or boundary is not established."
"DetectionRule","One rule version","CreatedAt","datetime2","NOT NULL","UTC time this registry row was inserted. Never substitute a source creation timestamp."
"DetectionCoverage","Rule version × platform × capability interval","DetectionCoverageID","uniqueidentifier","PK","Stable internal primary key for this DetectionCoverage row. Source-native identity is retained separately when applicable."
"DetectionCoverage","Rule version × platform × capability interval","DetectionRuleVersionID","uniqueidentifier","FK → DetectionRule","Links this DetectionCoverage row to DetectionRule. Role: Detection Rule Version identifier. Uses the internal key, never the record name."
"DetectionCoverage","Rule version × platform × capability interval","PlatformID","int","FK → Platform","Controlled analytics platform identifier. Child views derive this through the platform instance."
"DetectionCoverage","Rule version × platform × capability interval","ProductVersionScope","nvarchar(100)","NULL","Platform product versions for which the stated detection capability was validated."
"DetectionCoverage","Rule version × platform × capability interval","CapabilityCode","nvarchar(40)","NOT NULL","Available, Partial, Manual Review Required, or Not Available. Capability differs from assessment outcome."
"DetectionCoverage","Rule version × platform × capability interval","EvidenceRequirements","nvarchar(1000)","NOT NULL","Minimum fields, freshness, and scope completeness needed for conclusive evaluation."
"DetectionCoverage","Rule version × platform × capability interval","ValidFrom","datetime2","NOT NULL","UTC timestamp for valid from in this record's lifecycle. NULL means the event or boundary is not established."
"DetectionCoverage","Rule version × platform × capability interval","ValidTo","datetime2","NULL","UTC timestamp for valid to in this record's lifecycle. NULL means the event or boundary is not established."
"DetectionCoverage","Rule version × platform × capability interval","CreatedAt","datetime2","NOT NULL","UTC time this registry row was inserted. Never substitute a source creation timestamp."
"RuleEvaluation","Rule version × object × evaluation execution","RuleEvaluationID","uniqueidentifier","PK","Stable internal primary key for this RuleEvaluation row. Source-native identity is retained separately when applicable."
"RuleEvaluation","Rule version × object × evaluation execution","EvaluationBatchID","uniqueidentifier","NOT NULL","Stable correlation identifier for one assessment execution across rules and objects."
"RuleEvaluation","Rule version × object × evaluation execution","DetectionRuleVersionID","uniqueidentifier","FK → DetectionRule","Links this RuleEvaluation row to DetectionRule. Role: Detection Rule Version identifier. Uses the internal key, never the record name."
"RuleEvaluation","Rule version × object × evaluation execution","ObjectID","uniqueidentifier","FK → RegistryObject","Links this RuleEvaluation row to RegistryObject. Role: Object identifier. Uses the internal key, never the record name."
"RuleEvaluation","Rule version × object × evaluation execution","ContextWorkspaceID","uniqueidentifier","FK → Workspace NULL","Workspace context of this particular check, when applicable. Not a replacement for asset identity."
"RuleEvaluation","Rule version × object × evaluation execution","BusinessVersionID","uniqueidentifier","FK → WorkspaceBusinessVersion NULL","Links this RuleEvaluation row to WorkspaceBusinessVersion. Role: Business Version identifier. Uses the internal key, never the record name."
"RuleEvaluation","Rule version × object × evaluation execution","RequestedVersionID","uniqueidentifier","FK → ConfigurationVersion NULL","Links this RuleEvaluation row to ConfigurationVersion. Role: Requested Version identifier. Uses the internal key, never the record name."
"RuleEvaluation","Rule version × object × evaluation execution","ImplementedVersionID","uniqueidentifier","FK → ConfigurationVersion NULL","Links this RuleEvaluation row to ConfigurationVersion. Role: Implemented Version identifier. Uses the internal key, never the record name."
"RuleEvaluation","Rule version × object × evaluation execution","ExtractRunID","uniqueidentifier","FK → ExtractRun NULL","Links this RuleEvaluation row to ExtractRun. Role: Extract Run identifier. Uses the internal key, never the record name."
"RuleEvaluation","Rule version × object × evaluation execution","DirectoryRunID","uniqueidentifier","FK → ExtractRun NULL","Links this RuleEvaluation row to ExtractRun. Role: Directory Run identifier. Uses the internal key, never the record name."
"RuleEvaluation","Rule version × object × evaluation execution","EvaluatedAt","datetime2","NOT NULL","UTC timestamp for evaluated at in this record's lifecycle. NULL means the event or boundary is not established."
"RuleEvaluation","Rule version × object × evaluation execution","ResultCode","nvarchar(40)","NOT NULL","Aligned, Pending Implementation, Flagged for Review, Discrepancy, Unable to Verify, or Not Applicable."
"RuleEvaluation","Rule version × object × evaluation execution","EvidenceStatusCode","nvarchar(30)","NOT NULL","Whether evidence is usable, missing, partial, unresolved, or otherwise limited."
"RuleEvaluation","Rule version × object × evaluation execution","SeverityCode","nvarchar(20)","NULL","Impact severity determined under an approved rule or reviewer decision."
"RuleEvaluation","Rule version × object × evaluation execution","Summary","nvarchar(2000)","NOT NULL","Brief factual description of the event or evaluation."
"RuleEvaluation","Rule version × object × evaluation execution","EvaluatorVersion","nvarchar(50)","NOT NULL","Version of the assessment implementation that produced the result."
"RuleEvaluation","Rule version × object × evaluation execution","CreatedAt","datetime2","NOT NULL","UTC time this registry row was inserted. Never substitute a source creation timestamp."
"ConfigurationComparisonItem","Evaluation × compared field or relationship","ComparisonItemID","uniqueidentifier","PK","Stable internal primary key for this ConfigurationComparisonItem row. Source-native identity is retained separately when applicable."
"ConfigurationComparisonItem","Evaluation × compared field or relationship","RuleEvaluationID","uniqueidentifier","FK → RuleEvaluation","Links this ConfigurationComparisonItem row to RuleEvaluation. Role: Rule Evaluation identifier. Uses the internal key, never the record name."
"ConfigurationComparisonItem","Evaluation × compared field or relationship","FieldCode","nvarchar(80)","NOT NULL","Configuration attribute or relationship compared in this evaluation."
"ConfigurationComparisonItem","Evaluation × compared field or relationship","SubjectStableKey","nvarchar(200)","NOT NULL","Stable principal, relationship, or other subject key for the comparison item."
"ConfigurationComparisonItem","Evaluation × compared field or relationship","RequestedValue","nvarchar(2000)","NULL","Frozen display value of desired configuration; not the authoritative request row."
"ConfigurationComparisonItem","Evaluation × compared field or relationship","ImplementedValue","nvarchar(2000)","NULL","Frozen display value of recorded implementation."
"ConfigurationComparisonItem","Evaluation × compared field or relationship","ObservedValue","nvarchar(2000)","NULL","Frozen display value from platform evidence."
"ConfigurationComparisonItem","Evaluation × compared field or relationship","ResultCode","nvarchar(40)","NOT NULL","Aligned, Pending Implementation, Flagged for Review, Discrepancy, Unable to Verify, or Not Applicable."
"ConfigurationComparisonItem","Evaluation × compared field or relationship","Explanation","nvarchar(1000)","NULL","Reason for the comparison result, including missing evidence."
"ConfigurationComparisonItem","Evaluation × compared field or relationship","CreatedAt","datetime2","NOT NULL","UTC time this registry row was inserted. Never substitute a source creation timestamp."
"Finding","One tracked issue across repeated detections","FindingID","uniqueidentifier","PK","Stable internal primary key for this Finding row. Source-native identity is retained separately when applicable."
"Finding","One tracked issue across repeated detections","ObjectID","uniqueidentifier","FK → RegistryObject","Links this Finding row to RegistryObject. Role: Object identifier. Uses the internal key, never the record name."
"Finding","One tracked issue across repeated detections","StableRuleCode","nvarchar(60)","FK → DetectionRuleIdentity NOT NULL","Rule identity preserved across implementation versions so recurring findings retain their lifecycle."
"Finding","One tracked issue across repeated detections","Fingerprint","char(64)","UNIQUE NOT NULL","Stable finding deduplication hash built from rule identity, object identity, and issue discriminator."
"Finding","One tracked issue across repeated detections","Discriminator","nvarchar(300)","NOT NULL","Issue-specific key, such as principal plus permission. Separates distinct issues on one object."
"Finding","One tracked issue across repeated detections","FirstDetectedAt","datetime2","NOT NULL","UTC timestamp for first detected at in this record's lifecycle. NULL means the event or boundary is not established."
"Finding","One tracked issue across repeated detections","LastDetectedAt","datetime2","NOT NULL","UTC timestamp for last detected at in this record's lifecycle. NULL means the event or boundary is not established."
"Finding","One tracked issue across repeated detections","CurrentStatusCode","nvarchar(30)","NOT NULL","Controlled current status value for this Finding record. Allowed values and transitions follow the table rules."
"Finding","One tracked issue across repeated detections","CurrentSeverityCode","nvarchar(20)","NOT NULL","Controlled current severity value for this Finding record. Allowed values and transitions follow the table rules."
"Finding","One tracked issue across repeated detections","ResponsibleRoleCode","nvarchar(60)","NOT NULL","Role accountable for investigating or resolving the issue."
"Finding","One tracked issue across repeated detections","AssignedPersonID","uniqueidentifier","FK → Person NULL","Links this Finding row to Person. Role: Assigned Person identifier. Uses the internal key, never the record name."
"Finding","One tracked issue across repeated detections","RemediationSummary","nvarchar(2000)","NULL","Human-reviewed proposed or completed response; not an automatic action instruction."
"Finding","One tracked issue across repeated detections","ResolvedAt","datetime2","NULL","UTC timestamp for resolved at in this record's lifecycle. NULL means the event or boundary is not established."
"Finding","One tracked issue across repeated detections","ClosureApprovalID","uniqueidentifier","FK → ApprovalRecord NULL","Links this Finding row to ApprovalRecord. Role: Closure Approval identifier. Uses the internal key, never the record name."
"Finding","One tracked issue across repeated detections","VerificationEvaluationID","uniqueidentifier","FK → RuleEvaluation NULL","Links this Finding row to RuleEvaluation. Role: Verification Evaluation identifier. Uses the internal key, never the record name."
"Finding","One tracked issue across repeated detections","CreatedAt","datetime2","NOT NULL","UTC time this registry row was inserted. Never substitute a source creation timestamp."
"Finding","One tracked issue across repeated detections","ModifiedAt","datetime2","NOT NULL","UTC time of the most recent allowed update."
"Finding","One tracked issue across repeated detections","ModifiedByPersonID","uniqueidentifier","FK → Person NULL","Person responsible for the most recent allowed update."
"Finding","One tracked issue across repeated detections","RowVersion","rowversion","NOT NULL","SQL Server concurrency token. Reject updates based on an outdated token."
"FindingEvaluation","Finding × evaluation occurrence","FindingEvaluationID","uniqueidentifier","PK","Stable internal primary key for this FindingEvaluation row. Source-native identity is retained separately when applicable."
"FindingEvaluation","Finding × evaluation occurrence","FindingID","uniqueidentifier","FK → Finding","Links this FindingEvaluation row to Finding. Role: Finding identifier. Uses the internal key, never the record name."
"FindingEvaluation","Finding × evaluation occurrence","RuleEvaluationID","uniqueidentifier","FK → RuleEvaluation","Links this FindingEvaluation row to RuleEvaluation. Role: Rule Evaluation identifier. Uses the internal key, never the record name."
"FindingEvaluation","Finding × evaluation occurrence","OccurrenceStateCode","nvarchar(30)","NOT NULL","Detected, cleared, unresolved, or reopened state for this evidence occurrence."
"FindingEvaluation","Finding × evaluation occurrence","CreatedAt","datetime2","NOT NULL","UTC time this registry row was inserted. Never substitute a source creation timestamp."
"EvidenceItem","One evidence item for an evaluation","EvidenceItemID","uniqueidentifier","PK","Stable internal primary key for this EvidenceItem row. Source-native identity is retained separately when applicable."
"EvidenceItem","One evidence item for an evaluation","RuleEvaluationID","uniqueidentifier","FK → RuleEvaluation","Links this EvidenceItem row to RuleEvaluation. Role: Rule Evaluation identifier. Uses the internal key, never the record name."
"EvidenceItem","One evidence item for an evaluation","EvidenceTypeCode","nvarchar(40)","NOT NULL","Evidence category, such as extract row, manual verification, or external document."
"EvidenceItem","One evidence item for an evaluation","ExtractDatasetID","uniqueidentifier","FK → ExtractDataset NULL","Links this EvidenceItem row to ExtractDataset. Role: Extract Dataset identifier. Uses the internal key, never the record name."
"EvidenceItem","One evidence item for an evaluation","SourceRecordID","nvarchar(200)","NULL","Original source row reference within the collector evidence. Do not use a display name as its identity."
"EvidenceItem","One evidence item for an evaluation","EvidenceURI","nvarchar(1000)","NULL","Approved http or https reference for evidence. Keep the referenced document external and exclude secrets from the URL."
"EvidenceItem","One evidence item for an evaluation","EvidenceSummary","nvarchar(2000)","NOT NULL","Brief description of what the evidence supports and its limits."
"EvidenceItem","One evidence item for an evaluation","ContentHash","char(64)","NULL","Digest used to detect changes to the evidence artifact; no secret payload is retained."
"EvidenceItem","One evidence item for an evaluation","CapturedAt","datetime2","NOT NULL","UTC timestamp for captured at in this record's lifecycle. NULL means the event or boundary is not established."
"EvidenceItem","One evidence item for an evaluation","CreatedAt","datetime2","NOT NULL","UTC time this registry row was inserted. Never substitute a source creation timestamp."
"AdministrativeReview","One administrative case","AdministrativeReviewID","uniqueidentifier","PK","Stable internal primary key for this AdministrativeReview row. Source-native identity is retained separately when applicable."
"AdministrativeReview","One administrative case","ReviewTypeCode","nvarchar(60)","NOT NULL","Controlled review type value for this AdministrativeReview record. Allowed values and transitions follow the table rules."
"AdministrativeReview","One administrative case","ObjectID","uniqueidentifier","FK → RegistryObject","Links this AdministrativeReview row to RegistryObject. Role: Object identifier. Uses the internal key, never the record name."
"AdministrativeReview","One administrative case","BusinessVersionID","uniqueidentifier","FK → WorkspaceBusinessVersion NULL","Links this AdministrativeReview row to WorkspaceBusinessVersion. Role: Business Version identifier. Uses the internal key, never the record name."
"AdministrativeReview","One administrative case","Priority","int","NOT NULL","Administrative queue order. Lower numbers denote greater priority under the configured review process."
"AdministrativeReview","One administrative case","SeverityCode","nvarchar(20)","NOT NULL","Impact severity determined under an approved rule or reviewer decision."
"AdministrativeReview","One administrative case","Reason","nvarchar(2000)","NOT NULL","Business or technical reason for this review, exception, or decision."
"AdministrativeReview","One administrative case","EvidenceDate","datetime2","NULL","Time of evidence under investigation, distinct from when the case was edited."
"AdministrativeReview","One administrative case","EvidenceStatusCode","nvarchar(30)","NOT NULL","Whether evidence is usable, missing, partial, unresolved, or otherwise limited."
"AdministrativeReview","One administrative case","AssignedReviewerPersonID","uniqueidentifier","FK → Person NULL","Links this AdministrativeReview row to Person. Role: Assigned Reviewer Person identifier. Uses the internal key, never the record name."
"AdministrativeReview","One administrative case","DecisionCode","nvarchar(40)","NULL","Controlled decision value for this AdministrativeReview record. Allowed values and transitions follow the table rules."
"AdministrativeReview","One administrative case","RequiredAdministrativeAction","nvarchar(2000)","NULL","Proposed external work for a human administrator."
"AdministrativeReview","One administrative case","DueDate","date","NULL","Agreed due date for this review or annual packet."
"AdministrativeReview","One administrative case","ReviewStatusCode","nvarchar(40)","NOT NULL","Controlled review status value for this AdministrativeReview record. Allowed values and transitions follow the table rules."
"AdministrativeReview","One administrative case","Resolution","nvarchar(2000)","NULL","Outcome and reasoning recorded by the administrator."
"AdministrativeReview","One administrative case","VerificationDate","datetime2","NULL","Date subsequent evidence or manual verification was obtained."
"AdministrativeReview","One administrative case","ClosingEvidenceReference","nvarchar(1000)","NULL","Reference to the exact evidence revision submitted for authorized closure approval."
"AdministrativeReview","One administrative case","VerificationMethodCode","nvarchar(40)","NULL","Subsequent platform observation or approved manual verification."
"AdministrativeReview","One administrative case","ClosureApprovalID","uniqueidentifier","FK → ApprovalRecord NULL","Links this AdministrativeReview row to ApprovalRecord. Role: Closure Approval identifier. Uses the internal key, never the record name."
"AdministrativeReview","One administrative case","Notes","nvarchar(2000)","NULL","Supporting human-entered context. Exclude credentials and secret values."
"AdministrativeReview","One administrative case","CreatedAt","datetime2","NOT NULL","UTC time this registry row was inserted. Never substitute a source creation timestamp."
"AdministrativeReview","One administrative case","ModifiedAt","datetime2","NOT NULL","UTC time of the most recent allowed update."
"AdministrativeReview","One administrative case","ModifiedByPersonID","uniqueidentifier","FK → Person NULL","Person responsible for the most recent allowed update."
"AdministrativeReview","One administrative case","RowVersion","rowversion","NOT NULL","SQL Server concurrency token. Reject updates based on an outdated token."
"ReviewFinding","Administrative case × finding","ReviewFindingID","uniqueidentifier","PK","Stable internal primary key for this ReviewFinding row. Source-native identity is retained separately when applicable."
"ReviewFinding","Administrative case × finding","AdministrativeReviewID","uniqueidentifier","FK → AdministrativeReview","Links this ReviewFinding row to AdministrativeReview. Role: Administrative Review identifier. Uses the internal key, never the record name."
"ReviewFinding","Administrative case × finding","FindingID","uniqueidentifier","FK → Finding","Links this ReviewFinding row to Finding. Role: Finding identifier. Uses the internal key, never the record name."
"ReviewFinding","Administrative case × finding","CreatedAt","datetime2","NOT NULL","UTC time this registry row was inserted. Never substitute a source creation timestamp."
"AdministrativeAction","One externally performed or prepared admin action","AdministrativeActionID","uniqueidentifier","PK","Stable internal primary key for this AdministrativeAction row. Source-native identity is retained separately when applicable."
"AdministrativeAction","One externally performed or prepared admin action","AdministrativeReviewID","uniqueidentifier","FK → AdministrativeReview NULL","Links this AdministrativeAction row to AdministrativeReview. Role: Administrative Review identifier. Uses the internal key, never the record name."
"AdministrativeAction","One externally performed or prepared admin action","RequestID","uniqueidentifier","FK → WorkspaceRequest NULL","Links this AdministrativeAction row to WorkspaceRequest. Role: Request identifier. Uses the internal key, never the record name."
"AdministrativeAction","One externally performed or prepared admin action","ObjectID","uniqueidentifier","FK → RegistryObject","Links this AdministrativeAction row to RegistryObject. Role: Object identifier. Uses the internal key, never the record name."
"AdministrativeAction","One externally performed or prepared admin action","StageCode","nvarchar(20)","NOT NULL","Collect, Assess, Prepare, Execute, or Verify stage for external administration."
"AdministrativeAction","One externally performed or prepared admin action","ActionTypeCode","nvarchar(60)","NOT NULL","Category of externally prepared or performed administrative operation."
"AdministrativeAction","One externally performed or prepared admin action","ScriptReference","nvarchar(1000)","NULL","Versioned script reference, without embedding credentials or executing the script from the app."
"AdministrativeAction","One externally performed or prepared admin action","ApprovalReference","nvarchar(1000)","NULL","Reference to the authorization for this relationship or operation."
"AdministrativeAction","One externally performed or prepared admin action","ApprovedByPersonID","uniqueidentifier","FK → Person NULL","Links this AdministrativeAction row to Person. Role: Approved By Person identifier. Uses the internal key, never the record name."
"AdministrativeAction","One externally performed or prepared admin action","ExecutedByPersonID","uniqueidentifier","FK → Person NULL","Links this AdministrativeAction row to Person. Role: Executed By Person identifier. Uses the internal key, never the record name."
"AdministrativeAction","One externally performed or prepared admin action","ExecutedAt","datetime2","NULL","UTC timestamp for executed at in this record's lifecycle. NULL means the event or boundary is not established."
"AdministrativeAction","One externally performed or prepared admin action","ExecutionResultCode","nvarchar(30)","NULL","Recorded outcome of the external action attempt."
"AdministrativeAction","One externally performed or prepared admin action","VerificationEvaluationID","uniqueidentifier","FK → RuleEvaluation NULL","Links this AdministrativeAction row to RuleEvaluation. Role: Verification Evaluation identifier. Uses the internal key, never the record name."
"AdministrativeAction","One externally performed or prepared admin action","Notes","nvarchar(2000)","NULL","Supporting human-entered context. Exclude credentials and secret values."
"AdministrativeAction","One externally performed or prepared admin action","CreatedAt","datetime2","NOT NULL","UTC time this registry row was inserted. Never substitute a source creation timestamp."
"Attestation","Workspace × annual period","AttestationID","uniqueidentifier","PK","Stable internal primary key for this Attestation row. Source-native identity is retained separately when applicable."
"Attestation","Workspace × annual period","WorkspaceID","uniqueidentifier","FK → Workspace","Links this Attestation row to Workspace. Role: Workspace identifier. Uses the internal key, never the record name."
"Attestation","Workspace × annual period","AnnualPeriod","int","NOT NULL","Year of the workspace annual attestation. Unique with WorkspaceID."
"Attestation","Workspace × annual period","BusinessVersionID","uniqueidentifier","FK → WorkspaceBusinessVersion","Links this Attestation row to WorkspaceBusinessVersion. Role: Business Version identifier. Uses the internal key, never the record name."
"Attestation","Workspace × annual period","RequestedVersionID","uniqueidentifier","FK → ConfigurationVersion","Links this Attestation row to ConfigurationVersion. Role: Requested Version identifier. Uses the internal key, never the record name."
"Attestation","Workspace × annual period","ImplementedVersionID","uniqueidentifier","FK → ConfigurationVersion NULL","Links this Attestation row to ConfigurationVersion. Role: Implemented Version identifier. Uses the internal key, never the record name."
"Attestation","Workspace × annual period","ExtractRunID","uniqueidentifier","FK → ExtractRun NULL","Links this Attestation row to ExtractRun. Role: Extract Run identifier. Uses the internal key, never the record name."
"Attestation","Workspace × annual period","IssuedAt","datetime2","NOT NULL","UTC timestamp for issued at in this record's lifecycle. NULL means the event or boundary is not established."
"Attestation","Workspace × annual period","DueDate","date","NOT NULL","Agreed due date for this review or annual packet."
"Attestation","Workspace × annual period","RespondingChampionPersonID","uniqueidentifier","FK → Person NULL","Links this Attestation row to Person. Role: Responding Champion Person identifier. Uses the internal key, never the record name."
"Attestation","Workspace × annual period","RespondedAt","datetime2","NULL","UTC timestamp for responded at in this record's lifecycle. NULL means the event or boundary is not established."
"Attestation","Workspace × annual period","CompletionStatusCode","nvarchar(30)","NOT NULL","Controlled completion status value for this Attestation record. Allowed values and transitions follow the table rules."
"Attestation","Workspace × annual period","ChangesRequested","nvarchar(2000)","NULL","Business corrections identified during attestation; do not directly rewrite observed state."
"Attestation","Workspace × annual period","FollowUpItems","nvarchar(2000)","NULL","Outstanding work retained after response or approved completion."
"Attestation","Workspace × annual period","FollowUpRequestID","uniqueidentifier","FK → WorkspaceRequest NULL","Links this Attestation row to WorkspaceRequest. Role: Follow Up Request identifier. Uses the internal key, never the record name."
"Attestation","Workspace × annual period","FollowUpReviewID","uniqueidentifier","FK → AdministrativeReview NULL","Links this Attestation row to AdministrativeReview. Role: Follow Up Review identifier. Uses the internal key, never the record name."
"Attestation","Workspace × annual period","CompletionApprovalID","uniqueidentifier","FK → ApprovalRecord NULL","Links this Attestation row to ApprovalRecord. Role: Completion Approval identifier. Uses the internal key, never the record name."
"Attestation","Workspace × annual period","CreatedAt","datetime2","NOT NULL","UTC time this registry row was inserted. Never substitute a source creation timestamp."
"Attestation","Workspace × annual period","ModifiedAt","datetime2","NOT NULL","UTC time of the most recent allowed update."
"Attestation","Workspace × annual period","ModifiedByPersonID","uniqueidentifier","FK → Person NULL","Person responsible for the most recent allowed update."
"Attestation","Workspace × annual period","RowVersion","rowversion","NOT NULL","SQL Server concurrency token. Reject updates based on an outdated token."
"AttestationRecipient","Annual attestation × selected Champion","AttestationRecipientID","uniqueidentifier","PK","Stable internal primary key for this AttestationRecipient row. Source-native identity is retained separately when applicable."
"AttestationRecipient","Annual attestation × selected Champion","AttestationID","uniqueidentifier","FK → Attestation","Links this AttestationRecipient row to Attestation. Role: Attestation identifier. Uses the internal key, never the record name."
"AttestationRecipient","Annual attestation × selected Champion","PersonID","uniqueidentifier","FK → Person","Links this AttestationRecipient row to Person. Role: Person identifier. Uses the internal key, never the record name."
"AttestationRecipient","Annual attestation × selected Champion","DeliveryStatusCode","nvarchar(30)","NOT NULL","Delivery result for a Champion recipient. Non-Champion RW/R members are excluded."
"AttestationRecipient","Annual attestation × selected Champion","SentAt","datetime2","NULL","UTC timestamp for sent at in this record's lifecycle. NULL means the event or boundary is not established."
"AttestationRecipient","Annual attestation × selected Champion","DeliveryReference","nvarchar(200)","NULL","External notification reference; the prototype sends no messages."
"AttestationRecipient","Annual attestation × selected Champion","CreatedAt","datetime2","NOT NULL","UTC time this registry row was inserted. Never substitute a source creation timestamp."
"AttestationQuestion","One versioned annual question","AttestationQuestionID","uniqueidentifier","PK","Stable internal primary key for this AttestationQuestion row. Source-native identity is retained separately when applicable."
"AttestationQuestion","One versioned annual question","QuestionCode","nvarchar(60)","NOT NULL","Stable semantic question identity, independent of wording revisions."
"AttestationQuestion","One versioned annual question","QuestionVersion","int","NOT NULL","Version of question wording retained with historical answers."
"AttestationQuestion","One versioned annual question","QuestionText","nvarchar(1000)","NOT NULL","Wording presented in the annual review packet."
"AttestationQuestion","One versioned annual question","ApplicableConfigurationCode","nvarchar(20)","NULL","Optional Standard or Custom applicability condition."
"AttestationQuestion","One versioned annual question","SortOrder","int","NOT NULL","Presentation order; it is not an implicit severity or policy hierarchy."
"AttestationQuestion","One versioned annual question","IsRequired","bit","NOT NULL","Whether the applicable question must be answered before submission."
"AttestationQuestion","One versioned annual question","CreatedAt","datetime2","NOT NULL","UTC time this registry row was inserted. Never substitute a source creation timestamp."
"AttestationAnswer","Annual attestation × question version","AttestationAnswerID","uniqueidentifier","PK","Stable internal primary key for this AttestationAnswer row. Source-native identity is retained separately when applicable."
"AttestationAnswer","Annual attestation × question version","AttestationID","uniqueidentifier","FK → Attestation","Links this AttestationAnswer row to Attestation. Role: Attestation identifier. Uses the internal key, never the record name."
"AttestationAnswer","Annual attestation × question version","AttestationQuestionID","uniqueidentifier","FK → AttestationQuestion","Links this AttestationAnswer row to AttestationQuestion. Role: Attestation Question identifier. Uses the internal key, never the record name."
"AttestationAnswer","Annual attestation × question version","AnswerCode","nvarchar(30)","NOT NULL","Yes, No, Unable to Verify, or Not Applicable when allowed."
"AttestationAnswer","Annual attestation × question version","CorrectionText","nvarchar(2000)","NULL","Explanation or proposed correction associated with the response."
"AttestationAnswer","Annual attestation × question version","AnsweredAt","datetime2","NOT NULL","UTC timestamp for answered at in this record's lifecycle. NULL means the event or boundary is not established."
"AttestationAnswer","Annual attestation × question version","CreatedAt","datetime2","NOT NULL","UTC time this registry row was inserted. Never substitute a source creation timestamp."
"PlatformRoleAssignment","Platform instance × person × authorized role interval","PlatformRoleAssignmentID","uniqueidentifier","PK","Stable internal primary key for this PlatformRoleAssignment row. Source-native identity is retained separately when applicable."
"PlatformRoleAssignment","Platform instance × person × authorized role interval","PlatformInstanceID","uniqueidentifier","FK → PlatformInstance","Links this PlatformRoleAssignment row to PlatformInstance. Role: Platform Instance identifier. Uses the internal key, never the record name."
"PlatformRoleAssignment","Platform instance × person × authorized role interval","PersonID","uniqueidentifier","FK → Person","Links this PlatformRoleAssignment row to Person. Role: Person identifier. Uses the internal key, never the record name."
"PlatformRoleAssignment","Platform instance × person × authorized role interval","RoleCode","nvarchar(40)","NOT NULL","Controlled role value for this PlatformRoleAssignment record. Allowed values and transitions follow the table rules."
"PlatformRoleAssignment","Platform instance × person × authorized role interval","ValidFrom","datetime2","NOT NULL","UTC timestamp for valid from in this record's lifecycle. NULL means the event or boundary is not established."
"PlatformRoleAssignment","Platform instance × person × authorized role interval","ValidTo","datetime2","NULL","UTC timestamp for valid to in this record's lifecycle. NULL means the event or boundary is not established."
"PlatformRoleAssignment","Platform instance × person × authorized role interval","CreatedAt","datetime2","NOT NULL","UTC time this registry row was inserted. Never substitute a source creation timestamp."
"PlatformRoleAssignment","Platform instance × person × authorized role interval","ModifiedAt","datetime2","NOT NULL","UTC time of the most recent allowed update."
"PlatformRoleAssignment","Platform instance × person × authorized role interval","ModifiedByPersonID","uniqueidentifier","FK → Person NULL","Person responsible for the most recent allowed update."
"PlatformRoleAssignment","Platform instance × person × authorized role interval","RowVersion","rowversion","NOT NULL","SQL Server concurrency token. Reject updates based on an outdated token."
"ApprovalRecord","One decision on an exact request, evidence revision, or annual response","ApprovalID","uniqueidentifier","PK","Stable internal primary key for this ApprovalRecord row. Source-native identity is retained separately when applicable."
"ApprovalRecord","One decision on an exact request, evidence revision, or annual response","RequestID","uniqueidentifier","FK → WorkspaceRequest NULL","Links this ApprovalRecord row to WorkspaceRequest. Role: Request identifier. Uses the internal key, never the record name."
"ApprovalRecord","One decision on an exact request, evidence revision, or annual response","AdministrativeReviewID","uniqueidentifier","FK → AdministrativeReview NULL","Links this ApprovalRecord row to AdministrativeReview. Role: Administrative Review identifier. Uses the internal key, never the record name."
"ApprovalRecord","One decision on an exact request, evidence revision, or annual response","AttestationID","uniqueidentifier","FK → Attestation NULL","Links this ApprovalRecord row to Attestation. Role: Attestation identifier. Uses the internal key, never the record name."
"ApprovalRecord","One decision on an exact request, evidence revision, or annual response","PurposeCode","nvarchar(60)","NOT NULL","Role of this specification or approval in its parent workflow. Standard groups use Champion, RW, R, and Data Sources."
"ApprovalRecord","One decision on an exact request, evidence revision, or annual response","TargetRevisionHash","char(64)","NOT NULL","Digest of the exact intent, evidence, or response approved. Changes invalidate prior authorization."
"ApprovalRecord","One decision on an exact request, evidence revision, or annual response","ApproverPersonID","uniqueidentifier","FK → Person","Links this ApprovalRecord row to Person. Role: Approver Person identifier. Uses the internal key, never the record name."
"ApprovalRecord","One decision on an exact request, evidence revision, or annual response","ApproverRoleCode","nvarchar(40)","NOT NULL","Authorized role under which the approver made this decision."
"ApprovalRecord","One decision on an exact request, evidence revision, or annual response","DecisionCode","nvarchar(30)","NOT NULL","Controlled decision value for this ApprovalRecord record. Allowed values and transitions follow the table rules."
"ApprovalRecord","One decision on an exact request, evidence revision, or annual response","DecisionReference","nvarchar(1000)","NOT NULL","Evidence or ticket supporting the decision."
"ApprovalRecord","One decision on an exact request, evidence revision, or annual response","DecidedAt","datetime2","NOT NULL","UTC timestamp for decided at in this record's lifecycle. NULL means the event or boundary is not established."
"ApprovalRecord","One decision on an exact request, evidence revision, or annual response","CreatedAt","datetime2","NOT NULL","UTC time this registry row was inserted. Never substitute a source creation timestamp."
"ActivityEvent","One append-only business or technical event","ActivityEventID","uniqueidentifier","PK","Stable internal primary key for this ActivityEvent row. Source-native identity is retained separately when applicable."
"ActivityEvent","One append-only business or technical event","ObjectID","uniqueidentifier","FK → RegistryObject NULL","Links this ActivityEvent row to RegistryObject. Role: Object identifier. Uses the internal key, never the record name."
"ActivityEvent","One append-only business or technical event","RequestID","uniqueidentifier","FK → WorkspaceRequest NULL","Links this ActivityEvent row to WorkspaceRequest. Role: Request identifier. Uses the internal key, never the record name."
"ActivityEvent","One append-only business or technical event","ActorPersonID","uniqueidentifier","FK → Person NULL","Links this ActivityEvent row to Person. Role: Actor Person identifier. Uses the internal key, never the record name."
"ActivityEvent","One append-only business or technical event","ActorService","nvarchar(100)","NULL","Service identity for a scripted event when there is no human actor."
"ActivityEvent","One append-only business or technical event","EventCategoryCode","nvarchar(30)","NOT NULL","Requested, Implemented, Observed, Review, or Attestation event category."
"ActivityEvent","One append-only business or technical event","EventTypeCode","nvarchar(60)","NOT NULL","Specific event kind; defines the type of before/after version references."
"ActivityEvent","One append-only business or technical event","OccurredAt","datetime2","NOT NULL","UTC timestamp for occurred at in this record's lifecycle. NULL means the event or boundary is not established."
"ActivityEvent","One append-only business or technical event","CorrelationID","uniqueidentifier","NOT NULL","Identifier linking events produced by one request, collection, or command."
"ActivityEvent","One append-only business or technical event","Summary","nvarchar(2000)","NOT NULL","Brief factual description of the event or evaluation."
"ActivityEvent","One append-only business or technical event","BeforeVersionID","uniqueidentifier","NULL","Prior version audit reference; EventTypeCode defines its object type."
"ActivityEvent","One append-only business or technical event","AfterVersionID","uniqueidentifier","NULL","Resulting version audit reference; EventTypeCode defines its object type."
"ActivityEvent","One append-only business or technical event","CreatedAt","datetime2","NOT NULL","UTC time this registry row was inserted. Never substitute a source creation timestamp."
